-- phpMyAdmin SQL Dump
-- version 5.2.1
-- https://www.phpmyadmin.net/
--
-- Host: 127.0.0.1
-- Generation Time: Mar 23, 2026 at 03:53 PM
-- Server version: 10.4.32-MariaDB
-- PHP Version: 8.2.12

SET SQL_MODE = "NO_AUTO_VALUE_ON_ZERO";
START TRANSACTION;
SET time_zone = "+00:00";


/*!40101 SET @OLD_CHARACTER_SET_CLIENT=@@CHARACTER_SET_CLIENT */;
/*!40101 SET @OLD_CHARACTER_SET_RESULTS=@@CHARACTER_SET_RESULTS */;
/*!40101 SET @OLD_COLLATION_CONNECTION=@@COLLATION_CONNECTION */;
/*!40101 SET NAMES utf8mb4 */;

--
-- Database: `ems_db25`
CREATE DATABASE IF NOT EXISTS `ems_db25`;
USE `ems_db25`;

-- --------------------------------------------------------

--
-- Table structure for table `courses`
--

CREATE TABLE `courses` (
  `course_id` int(11) NOT NULL,
  `course_code` varchar(50) NOT NULL,
  `course_name` varchar(255) NOT NULL,
  `units_lec` decimal(4,2) NOT NULL DEFAULT 0.00,
  `units_lab` decimal(4,2) NOT NULL DEFAULT 0.00,
  `total_units` decimal(4,2) GENERATED ALWAYS AS (`units_lec` + `units_lab`) STORED,
  `prerequisite_course_id` int(11) DEFAULT NULL
) ENGINE=InnoDB DEFAULT CHARSET=latin1 COLLATE=latin1_swedish_ci;

--
-- Dumping data for table `courses`
--

INSERT INTO `courses` (`course_id`, `course_code`, `course_name`, `units_lec`, `units_lab`, `prerequisite_course_id`) VALUES
(1, 'GE101', 'Purposive Communication', 3.00, 0.00, NULL),
(2, 'GE102', 'Mathematics in the Modern World', 3.00, 0.00, NULL),
(3, 'GE103', 'Understanding the Self', 3.00, 0.00, NULL),
(4, 'GE104', 'Readings in Philippine History', 3.00, 0.00, NULL),
(5, 'GE105', 'Art Appreciation', 3.00, 0.00, NULL),
(6, 'PE101', 'Physical Education 1', 2.00, 0.00, NULL),
(7, 'PE102', 'Physical Education 2', 2.00, 0.00, NULL),
(8, 'NSTP1', 'National Service Training Program 1', 3.00, 0.00, NULL),
(9, 'NSTP2', 'National Service Training Program 2', 3.00, 0.00, NULL),
(10, 'RIZAL', 'Life and Works of Rizal', 3.00, 0.00, NULL),
(11, 'IT101', 'Introduction to Computing', 2.00, 1.00, NULL),
(12, 'IT102', 'Computer Programming 1', 2.00, 1.00, NULL),
(13, 'IT103', 'Computer Programming 2', 2.00, 1.00, NULL),
(14, 'IT201', 'Data Structures and Algorithms', 2.00, 1.00, NULL),
(15, 'IT202', 'Object-Oriented Programming', 2.00, 1.00, NULL),
(16, 'IT301', 'Database Management Systems 1', 2.00, 1.00, NULL),
(17, 'IT302', 'Database Management Systems 2', 2.00, 1.00, NULL),
(18, 'IT303', 'Systems Integration and Architecture 1', 2.00, 1.00, NULL),
(19, 'IT401', 'Capstone Project and Research 1', 3.00, 0.00, NULL),
(20, 'IT402', 'Capstone Project and Research 2', 3.00, 0.00, NULL),
(21, 'CS101', 'Computer Science Fundamentals', 3.00, 0.00, NULL),
(22, 'CS201', 'Discrete Structures 1', 3.00, 0.00, NULL),
(23, 'CS202', 'Discrete Structures 2', 3.00, 0.00, NULL),
(24, 'CS301', 'Web Systems and Technologies', 2.00, 1.00, NULL),
(25, 'CS302', 'Software Engineering 1', 2.00, 1.00, NULL),
(26, 'CS401', 'CS Thesis Writing 1', 3.00, 0.00, NULL),
(31, 'ACC101', 'Financial Accounting & Reporting', 3.00, 0.00, NULL),
(32, 'ACC102', 'Conceptual Framework and Accounting Standards', 3.00, 0.00, NULL),
(33, 'ACC201', 'Intermediate Accounting 1', 3.00, 0.00, NULL),
(34, 'ACC202', 'Intermediate Accounting 2', 3.00, 0.00, NULL),
(35, 'ACC301', 'Intermediate Accounting 3', 3.00, 0.00, NULL),
(36, 'ACC302', 'Cost Accounting and Control', 3.00, 0.00, NULL),
(37, 'ACC303', 'Strategic Cost Management', 3.00, 0.00, NULL),
(38, 'ACC401', 'Auditing and Assurance Principles', 3.00, 0.00, NULL),
(39, 'ACC402', 'Auditing and Assurance: Concepts and Applications 1', 3.00, 0.00, NULL),
(40, 'LAW101', 'Law on Obligations and Contracts', 3.00, 0.00, NULL),
(41, 'TAX101', 'Income Taxation', 3.00, 0.00, NULL),
(46, 'NUR101', 'Theoretical Foundations in Nursing', 3.00, 0.00, NULL),
(47, 'NUR102', 'Anatomy and Physiology', 3.00, 2.00, NULL),
(48, 'NUR201', 'Health Assessment', 2.00, 1.00, NULL),
(49, 'NUR202', 'Fundamentals of Nursing Practice', 3.00, 2.00, NULL),
(50, 'NUR301', 'Care of Mother, Child, and Adolescent', 4.00, 2.00, NULL),
(51, 'NUR302', 'Nursing Care of Clients with Life Threatening Conditions', 4.00, 2.00, NULL),
(52, 'NUR401', 'Nursing Research 1', 3.00, 0.00, NULL),
(53, 'NUR402', 'Nursing Research 2', 3.00, 0.00, NULL),
(54, 'NUR403', 'Intensive Nursing Practicum', 0.00, 8.00, NULL),
(61, 'MATH201', 'Calculus 1', 4.00, 0.00, NULL),
(62, 'MATH202', 'Calculus 2', 4.00, 0.00, NULL),
(63, 'CE101', 'Engineering Drawing and Plans', 1.00, 1.00, NULL),
(64, 'CE201', 'Computer-Aided Drafting', 1.00, 1.00, NULL),
(65, 'CE202', 'Statics of Rigid Bodies', 3.00, 0.00, NULL),
(66, 'CE301', 'Mechanics of Deformable Bodies', 3.00, 0.00, NULL),
(67, 'CE302', 'Fluid Mechanics', 3.00, 0.00, NULL),
(68, 'CE303', 'Surveying', 3.00, 1.00, NULL),
(69, 'CE401', 'Structural Theory 1', 3.00, 1.00, NULL),
(70, 'CE402', 'Geotechnical Engineering 1', 3.00, 1.00, NULL),
(71, 'CE403', 'CE Project 1', 2.00, 0.00, NULL);

-- --------------------------------------------------------

--
-- Table structure for table `curriculum`
--

CREATE TABLE `curriculum` (
  `curriculum_id` int(11) NOT NULL,
  `program_id` int(11) NOT NULL,
  `course_id` int(11) NOT NULL,
  `year_level_id` int(11) NOT NULL,
  `semester_id` int(11) NOT NULL
) ENGINE=InnoDB DEFAULT CHARSET=latin1 COLLATE=latin1_swedish_ci;

--
-- Dumping data for table `curriculum`
--

INSERT INTO `curriculum` (`curriculum_id`, `program_id`, `course_id`, `year_level_id`, `semester_id`) VALUES
(1, 1, 1, 1, 1),
(2, 1, 11, 1, 1),
(3, 1, 6, 1, 1),
(4, 1, 8, 1, 1),
(5, 1, 14, 2, 1),
(6, 1, 15, 2, 1),
(7, 1, 2, 2, 1),
(8, 1, 17, 3, 1),
(9, 1, 18, 3, 1),
(10, 1, 3, 3, 1),
(11, 1, 19, 4, 1),
(12, 1, 5, 4, 1),
(13, 2, 1, 1, 1),
(14, 2, 21, 1, 1),
(15, 2, 6, 1, 1),
(16, 2, 8, 1, 1),
(17, 2, 23, 2, 1),
(18, 2, 14, 2, 1),
(19, 2, 2, 2, 1),
(20, 2, 16, 3, 1),
(21, 2, 25, 3, 1),
(22, 2, 3, 3, 1),
(23, 2, 26, 4, 1),
(24, 2, 5, 4, 1),
(25, 3, 1, 1, 1),
(26, 3, 31, 1, 1),
(27, 3, 6, 1, 1),
(28, 3, 8, 1, 1),
(29, 3, 33, 2, 1),
(30, 3, 2, 2, 1),
(31, 3, 40, 2, 1),
(32, 3, 35, 3, 1),
(33, 3, 36, 3, 1),
(34, 3, 3, 3, 1),
(35, 3, 38, 4, 1),
(36, 3, 39, 4, 1),
(37, 3, 5, 4, 1),
(38, 4, 1, 1, 1),
(39, 4, 46, 1, 1),
(40, 4, 47, 1, 1),
(41, 4, 6, 1, 1),
(42, 4, 8, 1, 1),
(43, 4, 49, 2, 1),
(44, 4, 3, 2, 1),
(45, 4, 51, 3, 1),
(46, 4, 5, 3, 1),
(47, 4, 53, 4, 1),
(48, 5, 1, 1, 1),
(49, 5, 61, 1, 1),
(50, 5, 63, 1, 1),
(51, 5, 6, 1, 1),
(52, 5, 8, 1, 1),
(53, 5, 65, 2, 1),
(54, 5, 2, 2, 1),
(55, 5, 40, 2, 1),
(56, 5, 67, 3, 1),
(57, 5, 68, 3, 1),
(58, 5, 3, 3, 1),
(59, 5, 70, 4, 1),
(60, 5, 71, 4, 1),
(61, 5, 5, 4, 1),
(62, 1, 1, 1, 2),
(63, 1, 11, 1, 2),
(64, 1, 6, 1, 2),
(65, 1, 8, 1, 2),
(66, 1, 14, 2, 2),
(67, 1, 15, 2, 2),
(68, 1, 2, 2, 2),
(69, 1, 17, 3, 2),
(70, 1, 18, 3, 2),
(71, 1, 3, 3, 2),
(72, 1, 19, 4, 2),
(73, 1, 5, 4, 2),
(74, 2, 1, 1, 2),
(75, 2, 21, 1, 2),
(76, 2, 6, 1, 2),
(77, 2, 8, 1, 2),
(78, 2, 23, 2, 2),
(79, 2, 14, 2, 2),
(80, 2, 2, 2, 2),
(81, 2, 16, 3, 2),
(82, 2, 25, 3, 2),
(83, 2, 3, 3, 2),
(84, 2, 26, 4, 2),
(85, 2, 5, 4, 2),
(86, 3, 1, 1, 2),
(87, 3, 31, 1, 2),
(88, 3, 6, 1, 2),
(89, 3, 8, 1, 2),
(90, 3, 33, 2, 2),
(91, 3, 2, 2, 2),
(92, 3, 40, 2, 2),
(93, 3, 35, 3, 2),
(94, 3, 36, 3, 2),
(95, 3, 3, 3, 2),
(96, 3, 38, 4, 2),
(97, 3, 39, 4, 2),
(98, 3, 5, 4, 2),
(99, 4, 1, 1, 2),
(100, 4, 46, 1, 2),
(101, 4, 47, 1, 2),
(102, 4, 6, 1, 2),
(103, 4, 8, 1, 2),
(104, 4, 49, 2, 2),
(105, 4, 3, 2, 2),
(106, 4, 51, 3, 2),
(107, 4, 5, 3, 2),
(108, 4, 53, 4, 2),
(109, 5, 1, 1, 2),
(110, 5, 61, 1, 2),
(111, 5, 63, 1, 2),
(112, 5, 6, 1, 2),
(113, 5, 8, 1, 2),
(114, 5, 65, 2, 2),
(115, 5, 2, 2, 2),
(116, 5, 40, 2, 2),
(117, 5, 67, 3, 2),
(118, 5, 68, 3, 2),
(119, 5, 3, 3, 2),
(120, 5, 70, 4, 2),
(121, 5, 71, 4, 2),
(122, 5, 5, 4, 2),
(125, 1, 1, 1, 3),
(126, 1, 2, 1, 3),
(127, 2, 21, 1, 3),
(128, 2, 22, 1, 3);

-- --------------------------------------------------------

--
-- Table structure for table `enrollments`
--

CREATE TABLE `enrollments` (
  `enrollment_id` int(11) NOT NULL,
  `student_id` varchar(50) NOT NULL,
  `academic_year` varchar(20) NOT NULL,
  `semester_id` int(11) NOT NULL,
  `enrollment_date` datetime DEFAULT current_timestamp(),
  `status` enum('Pending','Enrolled','Cancelled') DEFAULT 'Pending',
  `total_units` decimal(5,2) DEFAULT 0.00,
  `assessed_amount` decimal(10,2) DEFAULT 0.00,
  `section` varchar(10) DEFAULT 'X',
  `program_id` int(11) DEFAULT NULL
) ENGINE=InnoDB DEFAULT CHARSET=latin1 COLLATE=latin1_swedish_ci;

--
-- Dumping data for table `enrollments`
--

INSERT INTO `enrollments` (`enrollment_id`, `student_id`, `academic_year`, `semester_id`, `enrollment_date`, `status`, `total_units`, `assessed_amount`, `section`, `program_id`) VALUES
(52, 'UAA-2022-0001', '2023-2024', 1, '2023-08-01 10:00:00', 'Enrolled', 9.00, 9750.00, 'X', NULL),
(53, 'UAA-2022-0001', '2024-2025', 1, '2024-08-01 10:00:00', 'Enrolled', 9.00, 9750.00, 'X', NULL),
(54, 'UAA-2022-0001', '2025-2026', 1, '2025-08-01 10:00:00', 'Enrolled', 6.00, 7500.00, 'X', NULL),
(56, 'UAA-2022-0002', '2023-2024', 1, '2023-08-01 10:00:00', 'Enrolled', 9.00, 9750.00, 'X', NULL),
(57, 'UAA-2022-0002', '2024-2025', 1, '2024-08-01 10:00:00', 'Enrolled', 9.00, 9750.00, 'X', NULL),
(58, 'UAA-2022-0002', '2025-2026', 1, '2025-08-01 10:00:00', 'Enrolled', 6.00, 7500.00, 'X', NULL),
(60, 'UAA-2022-0003', '2023-2024', 1, '2023-08-01 10:00:00', 'Enrolled', 9.00, 9750.00, 'X', NULL),
(61, 'UAA-2022-0003', '2024-2025', 1, '2024-08-01 10:00:00', 'Enrolled', 9.00, 9750.00, 'X', NULL),
(62, 'UAA-2022-0003', '2025-2026', 1, '2025-08-01 10:00:00', 'Enrolled', 9.00, 9750.00, 'X', NULL),
(64, 'UAA-2022-0004', '2023-2024', 1, '2023-08-01 10:00:00', 'Enrolled', 8.00, 9000.00, 'X', NULL),
(65, 'UAA-2022-0004', '2024-2025', 1, '2024-08-01 10:00:00', 'Enrolled', 9.00, 9750.00, 'X', NULL),
(66, 'UAA-2022-0004', '2025-2026', 1, '2025-08-01 10:00:00', 'Enrolled', 3.00, 5250.00, 'X', NULL),
(68, 'UAA-2022-0005', '2023-2024', 1, '2023-08-01 10:00:00', 'Enrolled', 9.00, 9750.00, 'X', NULL),
(69, 'UAA-2022-0005', '2024-2025', 1, '2024-08-01 10:00:00', 'Enrolled', 10.00, 10500.00, 'X', NULL),
(70, 'UAA-2022-0005', '2025-2026', 1, '2025-08-01 10:00:00', 'Enrolled', 9.00, 9750.00, 'X', NULL),
(71, 'UAA-2023-0001', '2023-2024', 1, '2023-08-01 10:00:00', 'Enrolled', 11.00, 11250.00, 'X', NULL),
(72, 'UAA-2023-0001', '2024-2025', 1, '2024-08-01 10:00:00', 'Enrolled', 9.00, 9750.00, 'X', NULL),
(73, 'UAA-2023-0001', '2025-2026', 1, '2025-08-01 10:00:00', 'Enrolled', 9.00, 9750.00, 'X', NULL),
(74, 'UAA-2023-0002', '2023-2024', 1, '2023-08-01 10:00:00', 'Enrolled', 11.00, 11250.00, 'X', NULL),
(75, 'UAA-2023-0002', '2024-2025', 1, '2024-08-01 10:00:00', 'Enrolled', 9.00, 9750.00, 'X', NULL),
(76, 'UAA-2023-0002', '2025-2026', 1, '2025-08-01 10:00:00', 'Enrolled', 9.00, 9750.00, 'X', NULL),
(77, 'UAA-2023-0003', '2023-2024', 1, '2023-08-01 10:00:00', 'Enrolled', 11.00, 11250.00, 'X', NULL),
(78, 'UAA-2023-0003', '2024-2025', 1, '2024-08-01 10:00:00', 'Enrolled', 9.00, 9750.00, 'X', NULL),
(79, 'UAA-2023-0003', '2025-2026', 1, '2025-08-01 10:00:00', 'Enrolled', 9.00, 9750.00, 'X', NULL),
(80, 'UAA-2023-0004', '2023-2024', 1, '2023-08-01 10:00:00', 'Enrolled', 16.00, 15000.00, 'X', NULL),
(81, 'UAA-2023-0004', '2024-2025', 1, '2024-08-01 10:00:00', 'Enrolled', 8.00, 9000.00, 'X', NULL),
(82, 'UAA-2023-0004', '2025-2026', 1, '2025-08-01 10:00:00', 'Enrolled', 9.00, 9750.00, 'X', NULL),
(83, 'UAA-2023-0005', '2023-2024', 1, '2023-08-01 10:00:00', 'Enrolled', 14.00, 13500.00, 'X', NULL),
(84, 'UAA-2023-0005', '2024-2025', 1, '2024-08-01 10:00:00', 'Enrolled', 9.00, 9750.00, 'X', NULL),
(85, 'UAA-2023-0005', '2025-2026', 1, '2025-08-01 10:00:00', 'Enrolled', 10.00, 10500.00, 'X', NULL),
(86, 'UAA-2024-0001', '2024-2025', 1, '2024-08-01 10:00:00', 'Enrolled', 11.00, 11250.00, 'X', NULL),
(87, 'UAA-2024-0001', '2025-2026', 1, '2025-08-01 10:00:00', 'Enrolled', 9.00, 9750.00, 'X', NULL),
(88, 'UAA-2024-0002', '2024-2025', 1, '2024-08-01 10:00:00', 'Enrolled', 11.00, 11250.00, 'X', NULL),
(89, 'UAA-2024-0002', '2025-2026', 1, '2025-08-01 10:00:00', 'Enrolled', 9.00, 9750.00, 'X', NULL),
(90, 'UAA-2024-0003', '2024-2025', 1, '2024-08-01 10:00:00', 'Enrolled', 11.00, 11250.00, 'X', NULL),
(91, 'UAA-2024-0003', '2025-2026', 1, '2025-08-01 10:00:00', 'Enrolled', 9.00, 9750.00, 'X', NULL),
(92, 'UAA-2024-0004', '2024-2025', 1, '2024-08-01 10:00:00', 'Enrolled', 16.00, 15000.00, 'X', NULL),
(93, 'UAA-2024-0004', '2025-2026', 1, '2025-08-01 10:00:00', 'Enrolled', 8.00, 9000.00, 'X', NULL),
(94, 'UAA-2024-0005', '2024-2025', 1, '2024-08-01 10:00:00', 'Enrolled', 14.00, 13500.00, 'X', NULL),
(95, 'UAA-2024-0005', '2025-2026', 1, '2025-08-01 10:00:00', 'Enrolled', 9.00, 9750.00, 'X', NULL),
(96, 'UAA-2025-0001', '2025-2026', 1, '2025-08-01 10:00:00', 'Enrolled', 11.00, 11250.00, 'X', NULL),
(97, 'UAA-2025-0002', '2025-2026', 1, '2025-08-01 10:00:00', 'Enrolled', 11.00, 11250.00, 'X', NULL),
(98, 'UAA-2025-0003', '2025-2026', 1, '2025-08-01 10:00:00', 'Enrolled', 11.00, 11250.00, 'X', NULL),
(99, 'UAA-2025-0004', '2025-2026', 1, '2025-08-01 10:00:00', 'Enrolled', 16.00, 15000.00, 'X', NULL),
(100, 'UAA-2025-0005', '2025-2026', 1, '2025-08-01 10:00:00', 'Enrolled', 14.00, 13500.00, 'X', NULL),
(101, 'UAA-2022-0001', '2022-2023', 1, '2022-08-15 10:00:00', 'Enrolled', 11.00, 11250.00, 'X', NULL),
(102, 'UAA-2022-0001', '2022-2023', 2, '2023-01-15 10:00:00', 'Enrolled', 11.00, 11250.00, 'X', NULL),
(103, 'UAA-2022-0001', '2023-2024', 2, '2024-01-15 10:00:00', 'Enrolled', 9.00, 9750.00, 'X', NULL),
(104, 'UAA-2022-0001', '2024-2025', 2, '2025-01-15 10:00:00', 'Enrolled', 9.00, 9750.00, 'X', NULL),
(105, 'UAA-2022-0001', '2025-2026', 2, '2026-01-15 10:00:00', 'Enrolled', 6.00, 7500.00, 'X', NULL),
(106, 'UAA-2022-0002', '2022-2023', 1, '2022-08-15 10:00:00', 'Enrolled', 11.00, 11250.00, 'X', NULL),
(107, 'UAA-2022-0002', '2022-2023', 2, '2023-01-15 10:00:00', 'Enrolled', 11.00, 11250.00, 'X', NULL),
(108, 'UAA-2022-0002', '2023-2024', 2, '2024-01-15 10:00:00', 'Enrolled', 9.00, 9750.00, 'X', NULL),
(109, 'UAA-2022-0002', '2024-2025', 2, '2025-01-15 10:00:00', 'Enrolled', 9.00, 9750.00, 'X', NULL),
(110, 'UAA-2022-0002', '2025-2026', 2, '2026-01-15 10:00:00', 'Enrolled', 6.00, 7500.00, 'X', NULL),
(111, 'UAA-2022-0003', '2022-2023', 1, '2022-08-15 10:00:00', 'Enrolled', 11.00, 11250.00, 'X', NULL),
(112, 'UAA-2022-0003', '2022-2023', 2, '2023-01-15 10:00:00', 'Enrolled', 11.00, 11250.00, 'X', NULL),
(113, 'UAA-2022-0003', '2023-2024', 2, '2024-01-15 10:00:00', 'Enrolled', 9.00, 9750.00, 'X', NULL),
(114, 'UAA-2022-0003', '2024-2025', 2, '2025-01-15 10:00:00', 'Enrolled', 9.00, 9750.00, 'X', NULL),
(115, 'UAA-2022-0003', '2025-2026', 2, '2026-01-15 10:00:00', 'Enrolled', 9.00, 9750.00, 'X', NULL),
(116, 'UAA-2022-0004', '2022-2023', 1, '2022-08-15 10:00:00', 'Enrolled', 16.00, 15000.00, 'X', NULL),
(117, 'UAA-2022-0004', '2022-2023', 2, '2023-01-15 10:00:00', 'Enrolled', 16.00, 15000.00, 'X', NULL),
(118, 'UAA-2022-0004', '2023-2024', 2, '2024-01-15 10:00:00', 'Enrolled', 8.00, 9000.00, 'X', NULL),
(119, 'UAA-2022-0004', '2024-2025', 2, '2025-01-15 10:00:00', 'Enrolled', 9.00, 9750.00, 'X', NULL),
(120, 'UAA-2022-0004', '2025-2026', 2, '2026-01-15 10:00:00', 'Enrolled', 3.00, 5250.00, 'X', NULL),
(121, 'UAA-2022-0005', '2022-2023', 1, '2022-08-15 10:00:00', 'Enrolled', 14.00, 13500.00, 'X', NULL),
(122, 'UAA-2022-0005', '2022-2023', 2, '2023-01-15 10:00:00', 'Enrolled', 14.00, 13500.00, 'X', NULL),
(123, 'UAA-2022-0005', '2023-2024', 2, '2024-01-15 10:00:00', 'Enrolled', 9.00, 9750.00, 'X', NULL),
(124, 'UAA-2022-0005', '2024-2025', 2, '2025-01-15 10:00:00', 'Enrolled', 10.00, 10500.00, 'X', NULL),
(125, 'UAA-2022-0005', '2025-2026', 2, '2026-01-15 10:00:00', 'Enrolled', 9.00, 9750.00, 'X', NULL),
(126, 'UAA-2023-0001', '2023-2024', 2, '2024-01-15 10:00:00', 'Enrolled', 11.00, 11250.00, 'X', NULL),
(127, 'UAA-2023-0001', '2024-2025', 2, '2025-01-15 10:00:00', 'Enrolled', 9.00, 9750.00, 'X', NULL),
(128, 'UAA-2023-0001', '2025-2026', 2, '2026-01-15 10:00:00', 'Enrolled', 9.00, 9750.00, 'X', NULL),
(129, 'UAA-2023-0002', '2023-2024', 2, '2024-01-15 10:00:00', 'Enrolled', 11.00, 11250.00, 'X', NULL),
(130, 'UAA-2023-0002', '2024-2025', 2, '2025-01-15 10:00:00', 'Enrolled', 9.00, 9750.00, 'X', NULL),
(131, 'UAA-2023-0002', '2025-2026', 2, '2026-01-15 10:00:00', 'Enrolled', 9.00, 9750.00, 'X', NULL),
(132, 'UAA-2023-0003', '2023-2024', 2, '2024-01-15 10:00:00', 'Enrolled', 11.00, 11250.00, 'X', NULL),
(133, 'UAA-2023-0003', '2024-2025', 2, '2025-01-15 10:00:00', 'Enrolled', 9.00, 9750.00, 'X', NULL),
(134, 'UAA-2023-0003', '2025-2026', 2, '2026-01-15 10:00:00', 'Enrolled', 9.00, 9750.00, 'X', NULL),
(135, 'UAA-2023-0004', '2023-2024', 2, '2024-01-15 10:00:00', 'Enrolled', 16.00, 15000.00, 'X', NULL),
(136, 'UAA-2023-0004', '2024-2025', 2, '2025-01-15 10:00:00', 'Enrolled', 8.00, 9000.00, 'X', NULL),
(137, 'UAA-2023-0004', '2025-2026', 2, '2026-01-15 10:00:00', 'Enrolled', 9.00, 9750.00, 'X', NULL),
(138, 'UAA-2023-0005', '2023-2024', 2, '2024-01-15 10:00:00', 'Enrolled', 14.00, 13500.00, 'X', NULL),
(139, 'UAA-2023-0005', '2024-2025', 2, '2025-01-15 10:00:00', 'Enrolled', 9.00, 9750.00, 'X', NULL),
(140, 'UAA-2023-0005', '2025-2026', 2, '2026-01-15 10:00:00', 'Enrolled', 10.00, 10500.00, 'X', NULL),
(141, 'UAA-2024-0001', '2024-2025', 2, '2025-01-15 10:00:00', 'Enrolled', 11.00, 11250.00, 'X', NULL),
(142, 'UAA-2024-0001', '2025-2026', 2, '2026-01-15 10:00:00', 'Enrolled', 9.00, 9750.00, 'X', NULL),
(143, 'UAA-2024-0002', '2024-2025', 2, '2025-01-15 10:00:00', 'Enrolled', 11.00, 11250.00, 'X', NULL),
(144, 'UAA-2024-0002', '2025-2026', 2, '2026-01-15 10:00:00', 'Enrolled', 9.00, 9750.00, 'X', NULL),
(145, 'UAA-2024-0003', '2024-2025', 2, '2025-01-15 10:00:00', 'Enrolled', 11.00, 11250.00, 'X', NULL),
(146, 'UAA-2024-0003', '2025-2026', 2, '2026-01-15 10:00:00', 'Enrolled', 9.00, 9750.00, 'X', NULL),
(147, 'UAA-2024-0004', '2024-2025', 2, '2025-01-15 10:00:00', 'Enrolled', 16.00, 15000.00, 'X', NULL),
(148, 'UAA-2024-0004', '2025-2026', 2, '2026-01-15 10:00:00', 'Enrolled', 8.00, 9000.00, 'X', NULL),
(149, 'UAA-2024-0005', '2024-2025', 2, '2025-01-15 10:00:00', 'Enrolled', 14.00, 13500.00, 'X', NULL),
(150, 'UAA-2024-0005', '2025-2026', 2, '2026-01-15 10:00:00', 'Enrolled', 9.00, 9750.00, 'X', NULL),
(151, 'UAA-2025-0001', '2025-2026', 2, '2026-01-15 10:00:00', 'Enrolled', 11.00, 11250.00, 'X', NULL),
(152, 'UAA-2025-0002', '2025-2026', 2, '2026-01-15 10:00:00', 'Enrolled', 11.00, 11250.00, 'X', NULL),
(153, 'UAA-2025-0003', '2025-2026', 2, '2026-01-15 10:00:00', 'Enrolled', 11.00, 11250.00, 'X', NULL),
(154, 'UAA-2025-0004', '2025-2026', 2, '2026-01-15 10:00:00', 'Enrolled', 16.00, 15000.00, 'X', NULL),
(155, 'UAA-2025-0005', '2025-2026', 2, '2026-01-15 10:00:00', 'Enrolled', 14.00, 13500.00, 'X', NULL),
(170, 'UAA-2022-0001', '2025-2026', 3, '2026-03-23 22:06:01', 'Enrolled', 35.00, 23000.00, 'X', 1);

-- --------------------------------------------------------

--
-- Table structure for table `enrollment_schedules`
--

CREATE TABLE `enrollment_schedules` (
  `id` int(11) NOT NULL,
  `enrollment_id` int(11) NOT NULL,
  `schedule_id` int(11) NOT NULL
) ENGINE=InnoDB DEFAULT CHARSET=latin1 COLLATE=latin1_swedish_ci;

--
-- Dumping data for table `enrollment_schedules`
--

INSERT INTO `enrollment_schedules` (`id`, `enrollment_id`, `schedule_id`) VALUES
(1, 52, 142),
(2, 52, 150),
(3, 52, 46),
(4, 53, 168),
(5, 53, 176),
(6, 53, 56),
(7, 54, 186),
(8, 54, 74),
(9, 56, 214),
(10, 56, 142),
(11, 56, 46),
(12, 57, 160),
(13, 57, 232),
(14, 57, 56),
(15, 58, 242),
(16, 58, 74),
(17, 60, 262),
(18, 60, 46),
(19, 60, 318),
(20, 61, 280),
(21, 61, 288),
(22, 61, 56),
(23, 62, 306),
(24, 62, 314),
(25, 62, 74),
(26, 64, 358),
(27, 64, 54),
(28, 65, 376),
(29, 65, 72),
(30, 66, 394),
(31, 68, 438),
(32, 68, 46),
(33, 68, 318),
(34, 69, 456),
(35, 69, 464),
(36, 69, 56),
(37, 70, 482),
(38, 70, 490),
(39, 70, 74),
(40, 71, 38),
(41, 71, 118),
(42, 71, 78),
(43, 71, 94),
(44, 72, 144),
(45, 72, 152),
(46, 72, 48),
(47, 73, 170),
(48, 73, 178),
(49, 73, 58),
(50, 74, 38),
(51, 74, 198),
(52, 74, 78),
(53, 74, 94),
(54, 75, 216),
(55, 75, 144),
(56, 75, 48),
(57, 76, 162),
(58, 76, 234),
(59, 76, 58),
(60, 77, 38),
(61, 77, 246),
(62, 77, 78),
(63, 77, 94),
(64, 78, 264),
(65, 78, 48),
(66, 78, 320),
(67, 79, 282),
(68, 79, 290),
(69, 79, 58),
(70, 80, 38),
(71, 80, 334),
(72, 80, 342),
(73, 80, 78),
(74, 80, 94),
(75, 81, 360),
(76, 81, 56),
(77, 82, 378),
(78, 82, 74),
(79, 83, 38),
(80, 83, 406),
(81, 83, 422),
(82, 83, 78),
(83, 83, 94),
(84, 84, 440),
(85, 84, 48),
(86, 84, 320),
(87, 85, 458),
(88, 85, 466),
(89, 85, 58),
(90, 86, 40),
(91, 86, 120),
(92, 86, 80),
(93, 86, 96),
(94, 87, 146),
(95, 87, 154),
(96, 87, 50),
(97, 88, 40),
(98, 88, 200),
(99, 88, 80),
(100, 88, 96),
(101, 89, 218),
(102, 89, 146),
(103, 89, 50),
(104, 90, 40),
(105, 90, 248),
(106, 90, 80),
(107, 90, 96),
(108, 91, 266),
(109, 91, 50),
(110, 91, 322),
(111, 92, 40),
(112, 92, 336),
(113, 92, 344),
(114, 92, 80),
(115, 92, 96),
(116, 93, 362),
(117, 93, 58),
(118, 94, 40),
(119, 94, 408),
(120, 94, 424),
(121, 94, 80),
(122, 94, 96),
(123, 95, 442),
(124, 95, 50),
(125, 95, 322),
(126, 96, 42),
(127, 96, 122),
(128, 96, 82),
(129, 96, 98),
(130, 97, 42),
(131, 97, 202),
(132, 97, 82),
(133, 97, 98),
(134, 98, 42),
(135, 98, 250),
(136, 98, 82),
(137, 98, 98),
(138, 99, 42),
(139, 99, 338),
(140, 99, 346),
(141, 99, 82),
(142, 99, 98),
(143, 100, 42),
(144, 100, 410),
(145, 100, 426),
(146, 100, 82),
(147, 100, 98),
(148, 101, 38),
(149, 101, 118),
(150, 101, 78),
(151, 101, 94),
(152, 102, 38),
(153, 102, 118),
(154, 102, 78),
(155, 102, 94),
(156, 103, 142),
(157, 103, 150),
(158, 103, 46),
(159, 104, 166),
(160, 104, 174),
(161, 104, 54),
(162, 105, 182),
(163, 105, 70),
(164, 106, 38),
(165, 106, 198),
(166, 106, 78),
(167, 106, 94),
(168, 107, 38),
(169, 107, 198),
(170, 107, 78),
(171, 107, 94),
(172, 108, 214),
(173, 108, 142),
(174, 108, 46),
(175, 109, 158),
(176, 109, 230),
(177, 109, 54),
(178, 110, 238),
(179, 110, 70),
(180, 111, 38),
(181, 111, 246),
(182, 111, 78),
(183, 111, 94),
(184, 112, 38),
(185, 112, 246),
(186, 112, 78),
(187, 112, 94),
(188, 113, 262),
(189, 113, 46),
(190, 113, 318),
(191, 114, 278),
(192, 114, 286),
(193, 114, 54),
(194, 115, 302),
(195, 115, 310),
(196, 115, 70),
(197, 116, 38),
(198, 116, 334),
(199, 116, 342),
(200, 116, 78),
(201, 116, 94),
(202, 117, 38),
(203, 117, 334),
(204, 117, 342),
(205, 117, 78),
(206, 117, 94),
(207, 118, 358),
(208, 118, 54),
(209, 119, 374),
(210, 119, 70),
(211, 120, 390),
(212, 121, 38),
(213, 121, 406),
(214, 121, 422),
(215, 121, 78),
(216, 121, 94),
(217, 122, 38),
(218, 122, 406),
(219, 122, 422),
(220, 122, 78),
(221, 122, 94),
(222, 123, 438),
(223, 123, 46),
(224, 123, 318),
(225, 124, 454),
(226, 124, 462),
(227, 124, 54),
(228, 125, 478),
(229, 125, 486),
(230, 125, 70),
(231, 126, 38),
(232, 126, 118),
(233, 126, 78),
(234, 126, 94),
(235, 127, 142),
(236, 127, 150),
(237, 127, 46),
(238, 128, 166),
(239, 128, 174),
(240, 128, 54),
(241, 129, 38),
(242, 129, 198),
(243, 129, 78),
(244, 129, 94),
(245, 130, 214),
(246, 130, 142),
(247, 130, 46),
(248, 131, 158),
(249, 131, 230),
(250, 131, 54),
(251, 132, 38),
(252, 132, 246),
(253, 132, 78),
(254, 132, 94),
(255, 133, 262),
(256, 133, 46),
(257, 133, 318),
(258, 134, 278),
(259, 134, 286),
(260, 134, 54),
(261, 135, 38),
(262, 135, 334),
(263, 135, 342),
(264, 135, 78),
(265, 135, 94),
(266, 136, 358),
(267, 136, 54),
(268, 137, 374),
(269, 137, 70),
(270, 138, 38),
(271, 138, 406),
(272, 138, 422),
(273, 138, 78),
(274, 138, 94),
(275, 139, 438),
(276, 139, 46),
(277, 139, 318),
(278, 140, 454),
(279, 140, 462),
(280, 140, 54),
(281, 141, 38),
(282, 141, 118),
(283, 141, 78),
(284, 141, 94),
(285, 142, 142),
(286, 142, 150),
(287, 142, 46),
(288, 143, 38),
(289, 143, 198),
(290, 143, 78),
(291, 143, 94),
(292, 144, 214),
(293, 144, 142),
(294, 144, 46),
(295, 145, 38),
(296, 145, 246),
(297, 145, 78),
(298, 145, 94),
(299, 146, 262),
(300, 146, 46),
(301, 146, 318),
(302, 147, 38),
(303, 147, 334),
(304, 147, 342),
(305, 147, 78),
(306, 147, 94),
(307, 148, 358),
(308, 148, 54),
(309, 149, 38),
(310, 149, 406),
(311, 149, 422),
(312, 149, 78),
(313, 149, 94),
(314, 150, 438),
(315, 150, 46),
(316, 150, 318),
(317, 151, 38),
(318, 151, 118),
(319, 151, 78),
(320, 151, 94),
(321, 152, 38),
(322, 152, 198),
(323, 152, 78),
(324, 152, 94),
(325, 153, 38),
(326, 153, 246),
(327, 153, 78),
(328, 153, 94),
(329, 154, 38),
(330, 154, 334),
(331, 154, 342),
(332, 154, 78),
(333, 154, 94),
(334, 155, 38),
(335, 155, 406),
(336, 155, 422),
(337, 155, 78),
(338, 155, 94),
(387, 170, 950),
(388, 170, 951),
(389, 170, 952),
(390, 170, 953),
(391, 170, 954),
(392, 170, 955),
(393, 170, 963),
(394, 170, 964),
(395, 170, 965),
(396, 170, 966),
(397, 170, 967),
(398, 170, 968);

-- --------------------------------------------------------

--
-- Table structure for table `payments`
--

CREATE TABLE `payments` (
  `payment_id` int(11) NOT NULL,
  `student_id` varchar(50) NOT NULL,
  `enrollment_id` int(11) NOT NULL,
  `or_number` varchar(50) NOT NULL,
  `amount` decimal(10,2) NOT NULL,
  `payment_date` datetime DEFAULT current_timestamp(),
  `remarks` text DEFAULT NULL
) ENGINE=InnoDB DEFAULT CHARSET=latin1 COLLATE=latin1_swedish_ci;

--
-- Dumping data for table `payments`
--

INSERT INTO `payments` (`payment_id`, `student_id`, `enrollment_id`, `or_number`, `amount`, `payment_date`, `remarks`) VALUES
(2, 'UAA-2022-0001', 52, 'OR-951717', 4875.00, '2026-01-21 10:31:15', 'Downpayment'),
(3, 'UAA-2022-0001', 52, 'OR-754488', 4875.00, '2026-03-14 10:31:15', 'Installment'),
(4, 'UAA-2022-0001', 53, 'OR-932083', 4875.00, '2026-01-30 10:31:15', 'Downpayment'),
(5, 'UAA-2022-0001', 53, 'OR-587297', 4875.00, '2026-03-09 10:31:15', 'Installment'),
(6, 'UAA-2022-0001', 54, 'OR-438898', 7500.00, '2026-02-24 10:31:15', 'Full Payment'),
(8, 'UAA-2022-0002', 56, 'OR-506056', 4875.00, '2026-01-23 10:31:15', 'Downpayment'),
(9, 'UAA-2022-0002', 56, 'OR-309498', 4875.00, '2026-03-08 10:31:15', 'Installment'),
(10, 'UAA-2022-0002', 57, 'OR-343482', 9750.00, '2026-03-17 10:31:15', 'Full Payment'),
(12, 'UAA-2022-0003', 60, 'OR-612920', 2437.50, '2026-02-09 10:31:15', 'Partial Payment'),
(13, 'UAA-2022-0003', 61, 'OR-626808', 3657.00, '2026-01-31 10:31:15', 'Downpayment'),
(14, 'UAA-2022-0003', 61, 'OR-114446', 3655.50, '2026-03-11 10:31:15', 'Installment'),
(15, 'UAA-2022-0003', 62, 'OR-969694', 4875.00, '2026-03-17 10:31:15', 'Partial Payment'),
(17, 'UAA-2022-0004', 64, 'OR-348759', 9000.00, '2026-03-10 10:31:15', 'Full Payment'),
(18, 'UAA-2022-0004', 66, 'OR-494458', 1312.50, '2026-01-21 10:31:15', 'Partial Payment'),
(19, 'UAA-2022-0005', 68, 'OR-950797', 2437.50, '2026-02-15 10:31:15', 'Partial Payment'),
(20, 'UAA-2022-0005', 69, 'OR-953198', 2625.00, '2026-01-31 10:31:15', 'Partial Payment'),
(21, 'UAA-2023-0001', 71, 'OR-244075', 4219.00, '2026-02-19 10:31:15', 'Downpayment'),
(22, 'UAA-2023-0001', 71, 'OR-516478', 4218.50, '2026-03-09 10:31:15', 'Installment'),
(23, 'UAA-2023-0001', 73, 'OR-647227', 4875.00, '2026-02-08 10:31:15', 'Partial Payment'),
(24, 'UAA-2023-0002', 75, 'OR-421332', 4875.00, '2026-02-17 10:31:15', 'Downpayment'),
(25, 'UAA-2023-0002', 75, 'OR-389973', 4875.00, '2026-03-16 10:31:15', 'Installment'),
(26, 'UAA-2023-0003', 78, 'OR-254713', 4875.00, '2026-03-10 10:31:15', 'Partial Payment'),
(27, 'UAA-2023-0003', 79, 'OR-951444', 4875.00, '2026-02-08 10:31:15', 'Partial Payment'),
(28, 'UAA-2023-0004', 80, 'OR-662122', 5625.00, '2026-01-25 10:31:15', 'Downpayment'),
(29, 'UAA-2023-0004', 80, 'OR-158389', 5625.00, '2026-03-16 10:31:15', 'Installment'),
(30, 'UAA-2023-0004', 81, 'OR-560275', 4500.00, '2026-01-24 10:31:15', 'Downpayment'),
(31, 'UAA-2023-0004', 81, 'OR-813856', 4500.00, '2026-03-17 10:31:15', 'Installment'),
(32, 'UAA-2023-0005', 83, 'OR-424291', 10125.00, '2026-02-28 10:31:15', 'Partial Payment'),
(33, 'UAA-2023-0005', 85, 'OR-808066', 5250.00, '2026-02-13 10:31:15', 'Downpayment'),
(34, 'UAA-2023-0005', 85, 'OR-157371', 5250.00, '2026-03-13 10:31:15', 'Installment'),
(35, 'UAA-2024-0001', 86, 'OR-320712', 2812.50, '2026-03-11 10:31:15', 'Partial Payment'),
(36, 'UAA-2024-0001', 87, 'OR-111567', 9750.00, '2026-01-30 10:31:15', 'Full Payment'),
(37, 'UAA-2024-0002', 88, 'OR-770460', 5625.00, '2026-02-02 10:31:15', 'Downpayment'),
(38, 'UAA-2024-0002', 88, 'OR-516713', 5625.00, '2026-03-21 10:31:15', 'Installment'),
(39, 'UAA-2024-0002', 89, 'OR-436090', 4875.00, '2026-02-03 10:31:15', 'Downpayment'),
(40, 'UAA-2024-0002', 89, 'OR-615448', 4875.00, '2026-03-16 10:31:15', 'Installment'),
(41, 'UAA-2024-0003', 90, 'OR-171381', 5625.00, '2026-02-05 10:31:15', 'Downpayment'),
(42, 'UAA-2024-0003', 90, 'OR-687966', 5625.00, '2026-03-20 10:31:15', 'Installment'),
(43, 'UAA-2024-0003', 91, 'OR-372951', 4875.00, '2026-01-25 10:31:15', 'Downpayment'),
(44, 'UAA-2024-0003', 91, 'OR-131858', 4875.00, '2026-03-18 10:31:15', 'Installment'),
(45, 'UAA-2024-0004', 92, 'OR-559104', 3750.00, '2026-01-27 10:31:15', 'Partial Payment'),
(46, 'UAA-2024-0004', 93, 'OR-630306', 9000.00, '2026-03-03 10:31:15', 'Full Payment'),
(47, 'UAA-2024-0005', 94, 'OR-513735', 6750.00, '2026-02-05 10:31:15', 'Partial Payment'),
(48, 'UAA-2025-0003', 98, 'OR-228670', 5625.00, '2026-02-15 10:31:15', 'Downpayment'),
(49, 'UAA-2025-0003', 98, 'OR-806928', 5625.00, '2026-02-26 10:31:15', 'Installment'),
(50, 'UAA-2025-0005', 100, 'OR-173260', 3375.00, '2026-02-04 10:31:15', 'Downpayment'),
(51, 'UAA-2025-0005', 100, 'OR-733055', 3375.00, '2026-02-24 10:31:15', 'Installment'),
(52, 'UAA-2022-0001', 101, 'OR-858782', 11250.00, '2022-08-25 10:00:00', 'Full Payment'),
(53, 'UAA-2022-0001', 102, 'OR-609840', 11250.00, '2023-01-25 10:00:00', 'Full Payment'),
(54, 'UAA-2022-0001', 103, 'OR-866893', 9750.00, '2024-01-25 10:00:00', 'Full Payment'),
(55, 'UAA-2022-0001', 104, 'OR-354956', 9750.00, '2025-01-25 10:00:00', 'Full Payment'),
(56, 'UAA-2022-0001', 105, 'OR-332912', 7500.00, '2026-01-25 10:00:00', 'Full Payment'),
(57, 'UAA-2022-0002', 106, 'OR-484690', 11250.00, '2022-08-25 10:00:00', 'Full Payment'),
(58, 'UAA-2022-0002', 107, 'OR-309815', 11250.00, '2023-01-25 10:00:00', 'Full Payment'),
(59, 'UAA-2022-0002', 108, 'OR-456610', 9750.00, '2024-01-25 10:00:00', 'Full Payment'),
(60, 'UAA-2022-0002', 109, 'OR-775893', 9750.00, '2025-01-25 10:00:00', 'Full Payment'),
(61, 'UAA-2022-0002', 110, 'OR-749852', 7500.00, '2026-01-25 10:00:00', 'Full Payment'),
(62, 'UAA-2022-0003', 111, 'OR-692127', 11250.00, '2022-08-25 10:00:00', 'Full Payment'),
(63, 'UAA-2022-0003', 112, 'OR-124062', 11250.00, '2023-01-25 10:00:00', 'Full Payment'),
(64, 'UAA-2022-0003', 113, 'OR-611836', 9750.00, '2024-01-25 10:00:00', 'Full Payment'),
(65, 'UAA-2022-0003', 114, 'OR-232518', 9750.00, '2025-01-25 10:00:00', 'Full Payment'),
(66, 'UAA-2022-0003', 115, 'OR-662235', 9750.00, '2026-01-25 10:00:00', 'Full Payment'),
(67, 'UAA-2022-0004', 116, 'OR-854149', 15000.00, '2022-08-25 10:00:00', 'Full Payment'),
(68, 'UAA-2022-0004', 117, 'OR-444850', 15000.00, '2023-01-25 10:00:00', 'Full Payment'),
(69, 'UAA-2022-0004', 118, 'OR-933105', 9000.00, '2024-01-25 10:00:00', 'Full Payment'),
(70, 'UAA-2022-0004', 119, 'OR-275377', 9750.00, '2025-01-25 10:00:00', 'Full Payment'),
(71, 'UAA-2022-0004', 120, 'OR-604347', 5250.00, '2026-01-25 10:00:00', 'Full Payment'),
(72, 'UAA-2022-0005', 121, 'OR-672054', 13500.00, '2022-08-25 10:00:00', 'Full Payment'),
(73, 'UAA-2022-0005', 122, 'OR-357637', 13500.00, '2023-01-25 10:00:00', 'Full Payment'),
(74, 'UAA-2022-0005', 123, 'OR-681478', 9750.00, '2024-01-25 10:00:00', 'Full Payment'),
(75, 'UAA-2022-0005', 124, 'OR-158403', 10500.00, '2025-01-25 10:00:00', 'Full Payment'),
(76, 'UAA-2022-0005', 125, 'OR-549554', 9750.00, '2026-01-25 10:00:00', 'Full Payment'),
(77, 'UAA-2023-0001', 126, 'OR-110608', 11250.00, '2024-01-25 10:00:00', 'Full Payment'),
(78, 'UAA-2023-0001', 127, 'OR-436925', 9750.00, '2025-01-25 10:00:00', 'Full Payment'),
(79, 'UAA-2023-0001', 128, 'OR-588380', 9750.00, '2026-01-25 10:00:00', 'Full Payment'),
(80, 'UAA-2023-0002', 129, 'OR-825542', 11250.00, '2024-01-25 10:00:00', 'Full Payment'),
(81, 'UAA-2023-0002', 130, 'OR-325664', 9750.00, '2025-01-25 10:00:00', 'Full Payment'),
(82, 'UAA-2023-0002', 131, 'OR-672630', 9750.00, '2026-01-25 10:00:00', 'Full Payment'),
(83, 'UAA-2023-0003', 132, 'OR-633219', 11250.00, '2024-01-25 10:00:00', 'Full Payment'),
(84, 'UAA-2023-0003', 133, 'OR-161655', 9750.00, '2025-01-25 10:00:00', 'Full Payment'),
(85, 'UAA-2023-0003', 134, 'OR-286655', 9750.00, '2026-01-25 10:00:00', 'Full Payment'),
(86, 'UAA-2023-0004', 135, 'OR-283863', 15000.00, '2024-01-25 10:00:00', 'Full Payment'),
(87, 'UAA-2023-0004', 136, 'OR-367780', 9000.00, '2025-01-25 10:00:00', 'Full Payment'),
(88, 'UAA-2023-0004', 137, 'OR-135595', 9750.00, '2026-01-25 10:00:00', 'Full Payment'),
(89, 'UAA-2023-0005', 138, 'OR-154886', 13500.00, '2024-01-25 10:00:00', 'Full Payment'),
(90, 'UAA-2023-0005', 139, 'OR-558512', 9750.00, '2025-01-25 10:00:00', 'Full Payment'),
(91, 'UAA-2023-0005', 140, 'OR-259379', 10500.00, '2026-01-25 10:00:00', 'Full Payment'),
(92, 'UAA-2024-0001', 141, 'OR-899563', 11250.00, '2025-01-25 10:00:00', 'Full Payment'),
(93, 'UAA-2024-0001', 142, 'OR-809225', 9750.00, '2026-01-25 10:00:00', 'Full Payment'),
(94, 'UAA-2024-0002', 143, 'OR-843086', 11250.00, '2025-01-25 10:00:00', 'Full Payment'),
(95, 'UAA-2024-0002', 144, 'OR-330529', 9750.00, '2026-01-25 10:00:00', 'Full Payment'),
(96, 'UAA-2024-0003', 145, 'OR-744350', 11250.00, '2025-01-25 10:00:00', 'Full Payment'),
(97, 'UAA-2024-0003', 146, 'OR-331796', 9750.00, '2026-01-25 10:00:00', 'Full Payment'),
(98, 'UAA-2024-0004', 147, 'OR-847607', 15000.00, '2025-01-25 10:00:00', 'Full Payment'),
(99, 'UAA-2024-0004', 148, 'OR-973398', 9000.00, '2026-01-25 10:00:00', 'Full Payment'),
(100, 'UAA-2024-0005', 149, 'OR-687274', 13500.00, '2025-01-25 10:00:00', 'Full Payment'),
(101, 'UAA-2024-0005', 150, 'OR-296879', 9750.00, '2026-01-25 10:00:00', 'Full Payment'),
(102, 'UAA-2025-0001', 151, 'OR-100864', 11250.00, '2026-01-25 10:00:00', 'Full Payment'),
(103, 'UAA-2025-0002', 152, 'OR-737708', 11250.00, '2026-01-25 10:00:00', 'Full Payment'),
(104, 'UAA-2025-0003', 153, 'OR-875051', 11250.00, '2026-01-25 10:00:00', 'Full Payment'),
(105, 'UAA-2025-0004', 154, 'OR-609128', 15000.00, '2026-01-25 10:00:00', 'Full Payment'),
(106, 'UAA-2025-0005', 155, 'OR-258761', 13500.00, '2026-01-25 10:00:00', 'Full Payment'),
(113, 'UAA-2022-0001', 170, 'OR-45465692', 23000.00, '2026-03-23 22:51:38', 'cash');

-- --------------------------------------------------------

--
-- Table structure for table `programs`
--

CREATE TABLE `programs` (
  `program_id` int(11) NOT NULL,
  `program_code` varchar(50) NOT NULL,
  `program_name` varchar(255) NOT NULL,
  `department` varchar(100) DEFAULT NULL
) ENGINE=InnoDB DEFAULT CHARSET=latin1 COLLATE=latin1_swedish_ci;

--
-- Dumping data for table `programs`
--

INSERT INTO `programs` (`program_id`, `program_code`, `program_name`, `department`) VALUES
(1, 'BSIT', 'Bachelor of Science in Information Technology', 'College of Computer Studies'),
(2, 'BSCS', 'Bachelor of Science in Computer Science', 'College of Computer Studies'),
(3, 'BSA', 'Bachelor of Science in Accountancy', 'College of Business'),
(4, 'BSN', 'Bachelor of Science in Nursing', 'College of Nursing'),
(5, 'BSCE', 'Bachelor of Science in Civil Engineering', 'College of Engineering');

-- --------------------------------------------------------

--
-- Table structure for table `schedules`
--

CREATE TABLE `schedules` (
  `schedule_id` int(11) NOT NULL,
  `course_id` int(11) NOT NULL,
  `academic_year` varchar(20) NOT NULL,
  `semester_id` int(11) NOT NULL,
  `teacher_id` int(11) DEFAULT NULL,
  `days` varchar(50) NOT NULL,
  `time_start` time NOT NULL,
  `time_end` time NOT NULL,
  `room` varchar(50) DEFAULT NULL,
  `capacity` int(11) DEFAULT 40,
  `enrolled_count` int(11) DEFAULT 0,
  `section_code` varchar(20) DEFAULT NULL
) ENGINE=InnoDB DEFAULT CHARSET=latin1 COLLATE=latin1_swedish_ci;

--
-- Dumping data for table `schedules`
--

INSERT INTO `schedules` (`schedule_id`, `course_id`, `academic_year`, `semester_id`, `teacher_id`, `days`, `time_start`, `time_end`, `room`, `capacity`, `enrolled_count`, `section_code`) VALUES
(38, 1, '2023-2024', 1, 6, 'Wed', '14:00:00', '16:00:00', 'RM-299', 40, 0, 'X'),
(39, 1, '2023-2024', 2, 7, 'Tue', '11:00:00', '15:00:00', 'RM-365', 40, 0, 'X'),
(40, 1, '2024-2025', 1, 6, 'Wed', '09:00:00', '15:00:00', 'RM-257', 40, 0, 'X'),
(41, 1, '2024-2025', 2, 7, 'Fri', '10:00:00', '15:00:00', 'RM-162', 40, 0, 'X'),
(42, 1, '2025-2026', 1, 5, 'Thu', '13:00:00', '17:00:00', 'RM-322', 40, 0, 'X'),
(43, 1, '2025-2026', 2, 7, 'Tue', '08:00:00', '16:00:00', 'RM-255', 40, 0, 'X'),
(44, 1, '2026-2027', 1, 6, 'Thu', '09:00:00', '16:00:00', 'RM-114', 40, 0, 'X'),
(45, 1, '2026-2027', 2, 1, 'Tue', '08:00:00', '17:00:00', 'RM-493', 40, 0, 'X'),
(46, 2, '2023-2024', 1, 3, 'Fri', '14:00:00', '15:00:00', 'RM-345', 40, 0, 'X'),
(47, 2, '2023-2024', 2, 6, 'Wed', '14:00:00', '16:00:00', 'RM-169', 40, 0, 'X'),
(48, 2, '2024-2025', 1, 5, 'Wed', '12:00:00', '15:00:00', 'RM-182', 40, 0, 'X'),
(49, 2, '2024-2025', 2, 3, 'Wed', '13:00:00', '16:00:00', 'RM-231', 40, 0, 'X'),
(50, 2, '2025-2026', 1, 2, 'Mon', '11:00:00', '17:00:00', 'RM-252', 40, 0, 'X'),
(51, 2, '2025-2026', 2, 1, 'Tue', '09:00:00', '16:00:00', 'RM-117', 40, 0, 'X'),
(52, 2, '2026-2027', 1, 1, 'Mon', '13:00:00', '16:00:00', 'RM-187', 40, 0, 'X'),
(53, 2, '2026-2027', 2, 5, 'Wed', '12:00:00', '17:00:00', 'RM-492', 40, 0, 'X'),
(54, 3, '2023-2024', 1, 6, 'Mon', '12:00:00', '15:00:00', 'RM-380', 40, 0, 'X'),
(55, 3, '2023-2024', 2, 6, 'Fri', '12:00:00', '15:00:00', 'RM-267', 40, 0, 'X'),
(56, 3, '2024-2025', 1, 2, 'Mon', '08:00:00', '17:00:00', 'RM-304', 40, 0, 'X'),
(57, 3, '2024-2025', 2, 6, 'Fri', '14:00:00', '16:00:00', 'RM-101', 40, 0, 'X'),
(58, 3, '2025-2026', 1, 5, 'Tue', '14:00:00', '15:00:00', 'RM-358', 40, 0, 'X'),
(59, 3, '2025-2026', 2, 4, 'Fri', '11:00:00', '17:00:00', 'RM-396', 40, 0, 'X'),
(60, 3, '2026-2027', 1, 7, 'Tue', '10:00:00', '16:00:00', 'RM-458', 40, 0, 'X'),
(61, 3, '2026-2027', 2, 2, 'Wed', '10:00:00', '17:00:00', 'RM-278', 40, 0, 'X'),
(62, 4, '2023-2024', 1, 7, 'Mon', '10:00:00', '17:00:00', 'RM-117', 40, 0, 'X'),
(63, 4, '2023-2024', 2, 3, 'Wed', '09:00:00', '17:00:00', 'RM-236', 40, 0, 'X'),
(64, 4, '2024-2025', 1, 6, 'Fri', '12:00:00', '16:00:00', 'RM-435', 40, 0, 'X'),
(65, 4, '2024-2025', 2, 7, 'Thu', '08:00:00', '17:00:00', 'RM-490', 40, 0, 'X'),
(66, 4, '2025-2026', 1, 5, 'Thu', '14:00:00', '17:00:00', 'RM-320', 40, 0, 'X'),
(67, 4, '2025-2026', 2, 7, 'Thu', '08:00:00', '17:00:00', 'RM-350', 40, 0, 'X'),
(68, 4, '2026-2027', 1, 6, 'Tue', '10:00:00', '16:00:00', 'RM-191', 40, 0, 'X'),
(69, 4, '2026-2027', 2, 5, 'Wed', '09:00:00', '15:00:00', 'RM-218', 40, 0, 'X'),
(70, 5, '2023-2024', 1, 4, 'Tue', '14:00:00', '16:00:00', 'RM-126', 40, 0, 'X'),
(71, 5, '2023-2024', 2, 2, 'Wed', '11:00:00', '17:00:00', 'RM-311', 40, 0, 'X'),
(72, 5, '2024-2025', 1, 1, 'Mon', '12:00:00', '16:00:00', 'RM-209', 40, 0, 'X'),
(73, 5, '2024-2025', 2, 7, 'Thu', '12:00:00', '17:00:00', 'RM-400', 40, 0, 'X'),
(74, 5, '2025-2026', 1, 2, 'Mon', '14:00:00', '15:00:00', 'RM-371', 40, 0, 'X'),
(75, 5, '2025-2026', 2, 1, 'Thu', '12:00:00', '15:00:00', 'RM-227', 40, 0, 'X'),
(76, 5, '2026-2027', 1, 1, 'Mon', '14:00:00', '15:00:00', 'RM-151', 40, 0, 'X'),
(77, 5, '2026-2027', 2, 2, 'Fri', '10:00:00', '15:00:00', 'RM-149', 40, 0, 'X'),
(78, 6, '2023-2024', 1, 7, 'Mon', '08:00:00', '15:00:00', 'RM-410', 40, 0, 'X'),
(79, 6, '2023-2024', 2, 2, 'Wed', '12:00:00', '17:00:00', 'RM-328', 40, 0, 'X'),
(80, 6, '2024-2025', 1, 7, 'Thu', '14:00:00', '17:00:00', 'RM-182', 40, 0, 'X'),
(81, 6, '2024-2025', 2, 2, 'Wed', '09:00:00', '16:00:00', 'RM-197', 40, 0, 'X'),
(82, 6, '2025-2026', 1, 3, 'Wed', '10:00:00', '15:00:00', 'RM-227', 40, 0, 'X'),
(83, 6, '2025-2026', 2, 4, 'Thu', '11:00:00', '15:00:00', 'RM-152', 40, 0, 'X'),
(84, 6, '2026-2027', 1, 2, 'Fri', '11:00:00', '16:00:00', 'RM-183', 40, 0, 'X'),
(85, 6, '2026-2027', 2, 6, 'Thu', '12:00:00', '15:00:00', 'RM-125', 40, 0, 'X'),
(86, 7, '2023-2024', 1, 4, 'Tue', '09:00:00', '17:00:00', 'RM-357', 40, 0, 'X'),
(87, 7, '2023-2024', 2, 7, 'Tue', '14:00:00', '17:00:00', 'RM-205', 40, 0, 'X'),
(88, 7, '2024-2025', 1, 1, 'Thu', '14:00:00', '16:00:00', 'RM-383', 40, 0, 'X'),
(89, 7, '2024-2025', 2, 1, 'Fri', '11:00:00', '16:00:00', 'RM-259', 40, 0, 'X'),
(90, 7, '2025-2026', 1, 4, 'Mon', '09:00:00', '15:00:00', 'RM-471', 40, 0, 'X'),
(91, 7, '2025-2026', 2, 4, 'Wed', '09:00:00', '17:00:00', 'RM-103', 40, 0, 'X'),
(92, 7, '2026-2027', 1, 1, 'Fri', '13:00:00', '16:00:00', 'RM-176', 40, 0, 'X'),
(93, 7, '2026-2027', 2, 5, 'Tue', '13:00:00', '15:00:00', 'RM-140', 40, 0, 'X'),
(94, 8, '2023-2024', 1, 3, 'Mon', '11:00:00', '15:00:00', 'RM-168', 40, 0, 'X'),
(95, 8, '2023-2024', 2, 4, 'Thu', '09:00:00', '15:00:00', 'RM-460', 40, 0, 'X'),
(96, 8, '2024-2025', 1, 6, 'Thu', '14:00:00', '15:00:00', 'RM-444', 40, 0, 'X'),
(97, 8, '2024-2025', 2, 1, 'Fri', '09:00:00', '15:00:00', 'RM-484', 40, 0, 'X'),
(98, 8, '2025-2026', 1, 5, 'Wed', '10:00:00', '15:00:00', 'RM-260', 40, 0, 'X'),
(99, 8, '2025-2026', 2, 4, 'Thu', '14:00:00', '17:00:00', 'RM-340', 40, 0, 'X'),
(100, 8, '2026-2027', 1, 6, 'Fri', '08:00:00', '16:00:00', 'RM-257', 40, 0, 'X'),
(101, 8, '2026-2027', 2, 4, 'Wed', '12:00:00', '15:00:00', 'RM-156', 40, 0, 'X'),
(102, 9, '2023-2024', 1, 4, 'Thu', '12:00:00', '15:00:00', 'RM-115', 40, 0, 'X'),
(103, 9, '2023-2024', 2, 4, 'Thu', '09:00:00', '17:00:00', 'RM-340', 40, 0, 'X'),
(104, 9, '2024-2025', 1, 1, 'Fri', '09:00:00', '16:00:00', 'RM-181', 40, 0, 'X'),
(105, 9, '2024-2025', 2, 3, 'Tue', '08:00:00', '17:00:00', 'RM-291', 40, 0, 'X'),
(106, 9, '2025-2026', 1, 3, 'Fri', '09:00:00', '17:00:00', 'RM-497', 40, 0, 'X'),
(107, 9, '2025-2026', 2, 5, 'Fri', '10:00:00', '16:00:00', 'RM-478', 40, 0, 'X'),
(108, 9, '2026-2027', 1, 7, 'Wed', '12:00:00', '17:00:00', 'RM-232', 40, 0, 'X'),
(109, 9, '2026-2027', 2, 1, 'Mon', '10:00:00', '17:00:00', 'RM-312', 40, 0, 'X'),
(110, 10, '2023-2024', 1, 1, 'Wed', '14:00:00', '15:00:00', 'RM-372', 40, 0, 'X'),
(111, 10, '2023-2024', 2, 6, 'Thu', '14:00:00', '15:00:00', 'RM-484', 40, 0, 'X'),
(112, 10, '2024-2025', 1, 2, 'Thu', '10:00:00', '15:00:00', 'RM-217', 40, 0, 'X'),
(113, 10, '2024-2025', 2, 1, 'Wed', '13:00:00', '16:00:00', 'RM-399', 40, 0, 'X'),
(114, 10, '2025-2026', 1, 1, 'Fri', '11:00:00', '15:00:00', 'RM-287', 40, 0, 'X'),
(115, 10, '2025-2026', 2, 7, 'Fri', '12:00:00', '16:00:00', 'RM-438', 40, 0, 'X'),
(116, 10, '2026-2027', 1, 5, 'Fri', '08:00:00', '16:00:00', 'RM-188', 40, 0, 'X'),
(117, 10, '2026-2027', 2, 3, 'Mon', '13:00:00', '16:00:00', 'RM-241', 40, 0, 'X'),
(118, 11, '2023-2024', 1, 2, 'Mon', '09:00:00', '17:00:00', 'RM-242', 40, 0, 'X'),
(119, 11, '2023-2024', 2, 6, 'Thu', '13:00:00', '17:00:00', 'RM-154', 40, 0, 'X'),
(120, 11, '2024-2025', 1, 1, 'Wed', '14:00:00', '15:00:00', 'RM-473', 40, 0, 'X'),
(121, 11, '2024-2025', 2, 3, 'Tue', '08:00:00', '17:00:00', 'RM-198', 40, 0, 'X'),
(122, 11, '2025-2026', 1, 7, 'Fri', '13:00:00', '15:00:00', 'RM-137', 40, 0, 'X'),
(123, 11, '2025-2026', 2, 5, 'Fri', '13:00:00', '17:00:00', 'RM-358', 40, 0, 'X'),
(124, 11, '2026-2027', 1, 3, 'Thu', '13:00:00', '15:00:00', 'RM-356', 40, 0, 'X'),
(125, 11, '2026-2027', 2, 7, 'Thu', '13:00:00', '16:00:00', 'RM-348', 40, 0, 'X'),
(126, 12, '2023-2024', 1, 3, 'Tue', '09:00:00', '17:00:00', 'RM-440', 40, 0, 'X'),
(127, 12, '2023-2024', 2, 7, 'Mon', '08:00:00', '15:00:00', 'RM-297', 40, 0, 'X'),
(128, 12, '2024-2025', 1, 7, 'Fri', '12:00:00', '17:00:00', 'RM-187', 40, 0, 'X'),
(129, 12, '2024-2025', 2, 2, 'Thu', '10:00:00', '16:00:00', 'RM-363', 40, 0, 'X'),
(130, 12, '2025-2026', 1, 2, 'Tue', '14:00:00', '17:00:00', 'RM-161', 40, 0, 'X'),
(131, 12, '2025-2026', 2, 3, 'Tue', '08:00:00', '15:00:00', 'RM-144', 40, 0, 'X'),
(132, 12, '2026-2027', 1, 6, 'Wed', '09:00:00', '17:00:00', 'RM-377', 40, 0, 'X'),
(133, 12, '2026-2027', 2, 1, 'Fri', '08:00:00', '15:00:00', 'RM-138', 40, 0, 'X'),
(134, 13, '2023-2024', 1, 5, 'Fri', '14:00:00', '17:00:00', 'RM-138', 40, 0, 'X'),
(135, 13, '2023-2024', 2, 5, 'Tue', '08:00:00', '15:00:00', 'RM-259', 40, 0, 'X'),
(136, 13, '2024-2025', 1, 3, 'Thu', '11:00:00', '17:00:00', 'RM-129', 40, 0, 'X'),
(137, 13, '2024-2025', 2, 1, 'Mon', '13:00:00', '16:00:00', 'RM-478', 40, 0, 'X'),
(138, 13, '2025-2026', 1, 1, 'Wed', '09:00:00', '16:00:00', 'RM-316', 40, 0, 'X'),
(139, 13, '2025-2026', 2, 6, 'Tue', '14:00:00', '17:00:00', 'RM-289', 40, 0, 'X'),
(140, 13, '2026-2027', 1, 3, 'Thu', '09:00:00', '15:00:00', 'RM-435', 40, 0, 'X'),
(141, 13, '2026-2027', 2, 1, 'Tue', '14:00:00', '17:00:00', 'RM-189', 40, 0, 'X'),
(142, 14, '2023-2024', 1, 4, 'Thu', '08:00:00', '17:00:00', 'RM-403', 40, 0, 'X'),
(143, 14, '2023-2024', 2, 7, 'Mon', '13:00:00', '16:00:00', 'RM-258', 40, 0, 'X'),
(144, 14, '2024-2025', 1, 6, 'Fri', '12:00:00', '17:00:00', 'RM-427', 40, 0, 'X'),
(145, 14, '2024-2025', 2, 2, 'Fri', '14:00:00', '15:00:00', 'RM-260', 40, 0, 'X'),
(146, 14, '2025-2026', 1, 1, 'Thu', '13:00:00', '15:00:00', 'RM-293', 40, 0, 'X'),
(147, 14, '2025-2026', 2, 2, 'Thu', '10:00:00', '17:00:00', 'RM-439', 40, 0, 'X'),
(148, 14, '2026-2027', 1, 1, 'Fri', '13:00:00', '17:00:00', 'RM-392', 40, 0, 'X'),
(149, 14, '2026-2027', 2, 5, 'Fri', '14:00:00', '15:00:00', 'RM-467', 40, 0, 'X'),
(150, 15, '2023-2024', 1, 1, 'Mon', '12:00:00', '17:00:00', 'RM-180', 40, 0, 'X'),
(151, 15, '2023-2024', 2, 3, 'Thu', '12:00:00', '16:00:00', 'RM-406', 40, 0, 'X'),
(152, 15, '2024-2025', 1, 7, 'Tue', '10:00:00', '17:00:00', 'RM-423', 40, 0, 'X'),
(153, 15, '2024-2025', 2, 2, 'Mon', '08:00:00', '15:00:00', 'RM-159', 40, 0, 'X'),
(154, 15, '2025-2026', 1, 1, 'Mon', '10:00:00', '16:00:00', 'RM-436', 40, 0, 'X'),
(155, 15, '2025-2026', 2, 7, 'Thu', '10:00:00', '15:00:00', 'RM-425', 40, 0, 'X'),
(156, 15, '2026-2027', 1, 4, 'Wed', '10:00:00', '16:00:00', 'RM-206', 40, 0, 'X'),
(157, 15, '2026-2027', 2, 3, 'Fri', '10:00:00', '17:00:00', 'RM-401', 40, 0, 'X'),
(158, 16, '2023-2024', 1, 3, 'Fri', '08:00:00', '17:00:00', 'RM-132', 40, 0, 'X'),
(159, 16, '2023-2024', 2, 3, 'Fri', '14:00:00', '15:00:00', 'RM-412', 40, 0, 'X'),
(160, 16, '2024-2025', 1, 6, 'Wed', '09:00:00', '17:00:00', 'RM-164', 40, 0, 'X'),
(161, 16, '2024-2025', 2, 4, 'Tue', '09:00:00', '16:00:00', 'RM-437', 40, 0, 'X'),
(162, 16, '2025-2026', 1, 7, 'Wed', '11:00:00', '17:00:00', 'RM-477', 40, 0, 'X'),
(163, 16, '2025-2026', 2, 7, 'Wed', '14:00:00', '17:00:00', 'RM-290', 40, 0, 'X'),
(164, 16, '2026-2027', 1, 1, 'Tue', '11:00:00', '15:00:00', 'RM-463', 40, 0, 'X'),
(165, 16, '2026-2027', 2, 3, 'Wed', '13:00:00', '15:00:00', 'RM-439', 40, 0, 'X'),
(166, 17, '2023-2024', 1, 1, 'Mon', '11:00:00', '17:00:00', 'RM-409', 40, 0, 'X'),
(167, 17, '2023-2024', 2, 3, 'Tue', '11:00:00', '16:00:00', 'RM-463', 40, 0, 'X'),
(168, 17, '2024-2025', 1, 1, 'Thu', '13:00:00', '16:00:00', 'RM-291', 40, 0, 'X'),
(169, 17, '2024-2025', 2, 6, 'Mon', '14:00:00', '16:00:00', 'RM-457', 40, 0, 'X'),
(170, 17, '2025-2026', 1, 4, 'Mon', '13:00:00', '16:00:00', 'RM-194', 40, 0, 'X'),
(171, 17, '2025-2026', 2, 7, 'Tue', '09:00:00', '17:00:00', 'RM-447', 40, 0, 'X'),
(172, 17, '2026-2027', 1, 7, 'Tue', '08:00:00', '15:00:00', 'RM-290', 40, 0, 'X'),
(173, 17, '2026-2027', 2, 2, 'Mon', '14:00:00', '16:00:00', 'RM-190', 40, 0, 'X'),
(174, 18, '2023-2024', 1, 6, 'Tue', '11:00:00', '17:00:00', 'RM-334', 40, 0, 'X'),
(175, 18, '2023-2024', 2, 5, 'Mon', '10:00:00', '15:00:00', 'RM-265', 40, 0, 'X'),
(176, 18, '2024-2025', 1, 6, 'Fri', '14:00:00', '15:00:00', 'RM-210', 40, 0, 'X'),
(177, 18, '2024-2025', 2, 4, 'Tue', '08:00:00', '15:00:00', 'RM-191', 40, 0, 'X'),
(178, 18, '2025-2026', 1, 2, 'Thu', '11:00:00', '15:00:00', 'RM-491', 40, 0, 'X'),
(179, 18, '2025-2026', 2, 3, 'Thu', '11:00:00', '17:00:00', 'RM-434', 40, 0, 'X'),
(180, 18, '2026-2027', 1, 1, 'Tue', '12:00:00', '17:00:00', 'RM-330', 40, 0, 'X'),
(181, 18, '2026-2027', 2, 2, 'Mon', '11:00:00', '16:00:00', 'RM-359', 40, 0, 'X'),
(182, 19, '2023-2024', 1, 1, 'Thu', '13:00:00', '15:00:00', 'RM-446', 40, 0, 'X'),
(183, 19, '2023-2024', 2, 1, 'Wed', '09:00:00', '17:00:00', 'RM-430', 40, 0, 'X'),
(184, 19, '2024-2025', 1, 3, 'Fri', '12:00:00', '15:00:00', 'RM-309', 40, 0, 'X'),
(185, 19, '2024-2025', 2, 4, 'Thu', '14:00:00', '15:00:00', 'RM-137', 40, 0, 'X'),
(186, 19, '2025-2026', 1, 3, 'Mon', '12:00:00', '17:00:00', 'RM-347', 40, 0, 'X'),
(187, 19, '2025-2026', 2, 5, 'Mon', '09:00:00', '16:00:00', 'RM-194', 40, 0, 'X'),
(188, 19, '2026-2027', 1, 2, 'Mon', '13:00:00', '15:00:00', 'RM-141', 40, 0, 'X'),
(189, 19, '2026-2027', 2, 7, 'Mon', '09:00:00', '17:00:00', 'RM-132', 40, 0, 'X'),
(190, 20, '2023-2024', 1, 7, 'Wed', '08:00:00', '17:00:00', 'RM-338', 40, 0, 'X'),
(191, 20, '2023-2024', 2, 6, 'Mon', '09:00:00', '17:00:00', 'RM-392', 40, 0, 'X'),
(192, 20, '2024-2025', 1, 5, 'Mon', '08:00:00', '15:00:00', 'RM-124', 40, 0, 'X'),
(193, 20, '2024-2025', 2, 5, 'Wed', '13:00:00', '17:00:00', 'RM-434', 40, 0, 'X'),
(194, 20, '2025-2026', 1, 1, 'Mon', '13:00:00', '15:00:00', 'RM-134', 40, 0, 'X'),
(195, 20, '2025-2026', 2, 4, 'Tue', '13:00:00', '16:00:00', 'RM-331', 40, 0, 'X'),
(196, 20, '2026-2027', 1, 7, 'Mon', '13:00:00', '15:00:00', 'RM-344', 40, 0, 'X'),
(197, 20, '2026-2027', 2, 7, 'Fri', '08:00:00', '16:00:00', 'RM-371', 40, 0, 'X'),
(198, 21, '2023-2024', 1, 5, 'Fri', '14:00:00', '16:00:00', 'RM-102', 40, 0, 'X'),
(199, 21, '2023-2024', 2, 7, 'Fri', '09:00:00', '16:00:00', 'RM-250', 40, 0, 'X'),
(200, 21, '2024-2025', 1, 4, 'Mon', '10:00:00', '16:00:00', 'RM-315', 40, 0, 'X'),
(201, 21, '2024-2025', 2, 4, 'Fri', '10:00:00', '16:00:00', 'RM-196', 40, 0, 'X'),
(202, 21, '2025-2026', 1, 6, 'Fri', '10:00:00', '16:00:00', 'RM-465', 40, 0, 'X'),
(203, 21, '2025-2026', 2, 2, 'Thu', '12:00:00', '16:00:00', 'RM-433', 40, 0, 'X'),
(204, 21, '2026-2027', 1, 5, 'Mon', '12:00:00', '15:00:00', 'RM-379', 40, 0, 'X'),
(205, 21, '2026-2027', 2, 5, 'Wed', '09:00:00', '15:00:00', 'RM-426', 40, 0, 'X'),
(206, 22, '2023-2024', 1, 6, 'Thu', '08:00:00', '16:00:00', 'RM-286', 40, 0, 'X'),
(207, 22, '2023-2024', 2, 3, 'Mon', '14:00:00', '17:00:00', 'RM-322', 40, 0, 'X'),
(208, 22, '2024-2025', 1, 2, 'Tue', '12:00:00', '15:00:00', 'RM-431', 40, 0, 'X'),
(209, 22, '2024-2025', 2, 5, 'Fri', '14:00:00', '16:00:00', 'RM-445', 40, 0, 'X'),
(210, 22, '2025-2026', 1, 4, 'Tue', '08:00:00', '17:00:00', 'RM-399', 40, 0, 'X'),
(211, 22, '2025-2026', 2, 1, 'Thu', '13:00:00', '17:00:00', 'RM-308', 40, 0, 'X'),
(212, 22, '2026-2027', 1, 7, 'Mon', '09:00:00', '17:00:00', 'RM-402', 40, 0, 'X'),
(213, 22, '2026-2027', 2, 5, 'Thu', '14:00:00', '16:00:00', 'RM-265', 40, 0, 'X'),
(214, 23, '2023-2024', 1, 6, 'Thu', '13:00:00', '17:00:00', 'RM-101', 40, 0, 'X'),
(215, 23, '2023-2024', 2, 7, 'Mon', '14:00:00', '17:00:00', 'RM-201', 40, 0, 'X'),
(216, 23, '2024-2025', 1, 1, 'Thu', '08:00:00', '15:00:00', 'RM-359', 40, 0, 'X'),
(217, 23, '2024-2025', 2, 5, 'Wed', '14:00:00', '16:00:00', 'RM-466', 40, 0, 'X'),
(218, 23, '2025-2026', 1, 2, 'Thu', '09:00:00', '16:00:00', 'RM-173', 40, 0, 'X'),
(219, 23, '2025-2026', 2, 7, 'Fri', '12:00:00', '15:00:00', 'RM-256', 40, 0, 'X'),
(220, 23, '2026-2027', 1, 6, 'Tue', '09:00:00', '17:00:00', 'RM-420', 40, 0, 'X'),
(221, 23, '2026-2027', 2, 3, 'Mon', '09:00:00', '15:00:00', 'RM-325', 40, 0, 'X'),
(222, 24, '2023-2024', 1, 5, 'Thu', '08:00:00', '16:00:00', 'RM-414', 40, 0, 'X'),
(223, 24, '2023-2024', 2, 4, 'Thu', '12:00:00', '16:00:00', 'RM-495', 40, 0, 'X'),
(224, 24, '2024-2025', 1, 4, 'Wed', '08:00:00', '15:00:00', 'RM-273', 40, 0, 'X'),
(225, 24, '2024-2025', 2, 4, 'Tue', '08:00:00', '15:00:00', 'RM-159', 40, 0, 'X'),
(226, 24, '2025-2026', 1, 6, 'Fri', '10:00:00', '15:00:00', 'RM-262', 40, 0, 'X'),
(227, 24, '2025-2026', 2, 7, 'Mon', '13:00:00', '17:00:00', 'RM-254', 40, 0, 'X'),
(228, 24, '2026-2027', 1, 3, 'Thu', '09:00:00', '17:00:00', 'RM-377', 40, 0, 'X'),
(229, 24, '2026-2027', 2, 7, 'Mon', '09:00:00', '15:00:00', 'RM-289', 40, 0, 'X'),
(230, 25, '2023-2024', 1, 4, 'Thu', '11:00:00', '15:00:00', 'RM-267', 40, 0, 'X'),
(231, 25, '2023-2024', 2, 4, 'Tue', '13:00:00', '16:00:00', 'RM-174', 40, 0, 'X'),
(232, 25, '2024-2025', 1, 2, 'Fri', '08:00:00', '16:00:00', 'RM-381', 40, 0, 'X'),
(233, 25, '2024-2025', 2, 1, 'Wed', '14:00:00', '16:00:00', 'RM-426', 40, 0, 'X'),
(234, 25, '2025-2026', 1, 1, 'Thu', '14:00:00', '17:00:00', 'RM-192', 40, 0, 'X'),
(235, 25, '2025-2026', 2, 5, 'Fri', '14:00:00', '17:00:00', 'RM-181', 40, 0, 'X'),
(236, 25, '2026-2027', 1, 1, 'Wed', '11:00:00', '15:00:00', 'RM-293', 40, 0, 'X'),
(237, 25, '2026-2027', 2, 5, 'Thu', '09:00:00', '16:00:00', 'RM-462', 40, 0, 'X'),
(238, 26, '2023-2024', 1, 1, 'Wed', '14:00:00', '16:00:00', 'RM-171', 40, 0, 'X'),
(239, 26, '2023-2024', 2, 4, 'Wed', '11:00:00', '17:00:00', 'RM-200', 40, 0, 'X'),
(240, 26, '2024-2025', 1, 5, 'Mon', '12:00:00', '17:00:00', 'RM-351', 40, 0, 'X'),
(241, 26, '2024-2025', 2, 3, 'Fri', '10:00:00', '17:00:00', 'RM-289', 40, 0, 'X'),
(242, 26, '2025-2026', 1, 4, 'Fri', '12:00:00', '17:00:00', 'RM-478', 40, 0, 'X'),
(243, 26, '2025-2026', 2, 2, 'Mon', '13:00:00', '15:00:00', 'RM-133', 40, 0, 'X'),
(244, 26, '2026-2027', 1, 2, 'Mon', '12:00:00', '17:00:00', 'RM-175', 40, 0, 'X'),
(245, 26, '2026-2027', 2, 2, 'Thu', '08:00:00', '15:00:00', 'RM-317', 40, 0, 'X'),
(246, 31, '2023-2024', 1, 7, 'Wed', '08:00:00', '17:00:00', 'RM-493', 40, 0, 'X'),
(247, 31, '2023-2024', 2, 6, 'Wed', '12:00:00', '15:00:00', 'RM-322', 40, 0, 'X'),
(248, 31, '2024-2025', 1, 1, 'Tue', '09:00:00', '15:00:00', 'RM-121', 40, 0, 'X'),
(249, 31, '2024-2025', 2, 1, 'Thu', '11:00:00', '15:00:00', 'RM-285', 40, 0, 'X'),
(250, 31, '2025-2026', 1, 3, 'Mon', '13:00:00', '17:00:00', 'RM-114', 40, 0, 'X'),
(251, 31, '2025-2026', 2, 3, 'Tue', '11:00:00', '15:00:00', 'RM-362', 40, 0, 'X'),
(252, 31, '2026-2027', 1, 4, 'Thu', '08:00:00', '16:00:00', 'RM-425', 40, 0, 'X'),
(253, 31, '2026-2027', 2, 5, 'Tue', '12:00:00', '17:00:00', 'RM-491', 40, 0, 'X'),
(254, 32, '2023-2024', 1, 4, 'Tue', '12:00:00', '15:00:00', 'RM-323', 40, 0, 'X'),
(255, 32, '2023-2024', 2, 4, 'Fri', '10:00:00', '15:00:00', 'RM-348', 40, 0, 'X'),
(256, 32, '2024-2025', 1, 6, 'Thu', '12:00:00', '17:00:00', 'RM-374', 40, 0, 'X'),
(257, 32, '2024-2025', 2, 2, 'Wed', '14:00:00', '17:00:00', 'RM-433', 40, 0, 'X'),
(258, 32, '2025-2026', 1, 2, 'Wed', '12:00:00', '17:00:00', 'RM-236', 40, 0, 'X'),
(259, 32, '2025-2026', 2, 2, 'Thu', '10:00:00', '16:00:00', 'RM-471', 40, 0, 'X'),
(260, 32, '2026-2027', 1, 4, 'Thu', '13:00:00', '15:00:00', 'RM-491', 40, 0, 'X'),
(261, 32, '2026-2027', 2, 5, 'Wed', '13:00:00', '15:00:00', 'RM-365', 40, 0, 'X'),
(262, 33, '2023-2024', 1, 2, 'Fri', '08:00:00', '16:00:00', 'RM-491', 40, 0, 'X'),
(263, 33, '2023-2024', 2, 3, 'Tue', '11:00:00', '16:00:00', 'RM-300', 40, 0, 'X'),
(264, 33, '2024-2025', 1, 7, 'Fri', '11:00:00', '16:00:00', 'RM-268', 40, 0, 'X'),
(265, 33, '2024-2025', 2, 4, 'Fri', '11:00:00', '15:00:00', 'RM-368', 40, 0, 'X'),
(266, 33, '2025-2026', 1, 6, 'Wed', '13:00:00', '16:00:00', 'RM-437', 40, 0, 'X'),
(267, 33, '2025-2026', 2, 4, 'Mon', '12:00:00', '15:00:00', 'RM-282', 40, 0, 'X'),
(268, 33, '2026-2027', 1, 3, 'Mon', '13:00:00', '17:00:00', 'RM-500', 40, 0, 'X'),
(269, 33, '2026-2027', 2, 1, 'Mon', '10:00:00', '16:00:00', 'RM-211', 40, 0, 'X'),
(270, 34, '2023-2024', 1, 3, 'Thu', '09:00:00', '15:00:00', 'RM-135', 40, 0, 'X'),
(271, 34, '2023-2024', 2, 2, 'Fri', '11:00:00', '17:00:00', 'RM-455', 40, 0, 'X'),
(272, 34, '2024-2025', 1, 6, 'Wed', '11:00:00', '15:00:00', 'RM-271', 40, 0, 'X'),
(273, 34, '2024-2025', 2, 3, 'Fri', '08:00:00', '16:00:00', 'RM-422', 40, 0, 'X'),
(274, 34, '2025-2026', 1, 2, 'Mon', '10:00:00', '17:00:00', 'RM-123', 40, 0, 'X'),
(275, 34, '2025-2026', 2, 3, 'Thu', '11:00:00', '15:00:00', 'RM-429', 40, 0, 'X'),
(276, 34, '2026-2027', 1, 3, 'Thu', '09:00:00', '16:00:00', 'RM-341', 40, 0, 'X'),
(277, 34, '2026-2027', 2, 4, 'Fri', '13:00:00', '16:00:00', 'RM-101', 40, 0, 'X'),
(278, 35, '2023-2024', 1, 5, 'Mon', '14:00:00', '16:00:00', 'RM-174', 40, 0, 'X'),
(279, 35, '2023-2024', 2, 5, 'Tue', '08:00:00', '15:00:00', 'RM-127', 40, 0, 'X'),
(280, 35, '2024-2025', 1, 1, 'Mon', '08:00:00', '15:00:00', 'RM-269', 40, 0, 'X'),
(281, 35, '2024-2025', 2, 1, 'Mon', '13:00:00', '15:00:00', 'RM-500', 40, 0, 'X'),
(282, 35, '2025-2026', 1, 4, 'Fri', '11:00:00', '16:00:00', 'RM-150', 40, 0, 'X'),
(283, 35, '2025-2026', 2, 1, 'Wed', '12:00:00', '16:00:00', 'RM-255', 40, 0, 'X'),
(284, 35, '2026-2027', 1, 5, 'Thu', '12:00:00', '17:00:00', 'RM-217', 40, 0, 'X'),
(285, 35, '2026-2027', 2, 1, 'Fri', '09:00:00', '16:00:00', 'RM-497', 40, 0, 'X'),
(286, 36, '2023-2024', 1, 5, 'Mon', '09:00:00', '15:00:00', 'RM-350', 40, 0, 'X'),
(287, 36, '2023-2024', 2, 1, 'Thu', '10:00:00', '17:00:00', 'RM-385', 40, 0, 'X'),
(288, 36, '2024-2025', 1, 6, 'Wed', '14:00:00', '16:00:00', 'RM-189', 40, 0, 'X'),
(289, 36, '2024-2025', 2, 3, 'Tue', '14:00:00', '15:00:00', 'RM-236', 40, 0, 'X'),
(290, 36, '2025-2026', 1, 3, 'Wed', '11:00:00', '17:00:00', 'RM-364', 40, 0, 'X'),
(291, 36, '2025-2026', 2, 3, 'Wed', '13:00:00', '17:00:00', 'RM-268', 40, 0, 'X'),
(292, 36, '2026-2027', 1, 6, 'Wed', '08:00:00', '16:00:00', 'RM-488', 40, 0, 'X'),
(293, 36, '2026-2027', 2, 1, 'Thu', '13:00:00', '15:00:00', 'RM-488', 40, 0, 'X'),
(294, 37, '2023-2024', 1, 1, 'Thu', '10:00:00', '17:00:00', 'RM-230', 40, 0, 'X'),
(295, 37, '2023-2024', 2, 1, 'Tue', '09:00:00', '17:00:00', 'RM-182', 40, 0, 'X'),
(296, 37, '2024-2025', 1, 4, 'Mon', '09:00:00', '16:00:00', 'RM-410', 40, 0, 'X'),
(297, 37, '2024-2025', 2, 6, 'Mon', '09:00:00', '17:00:00', 'RM-237', 40, 0, 'X'),
(298, 37, '2025-2026', 1, 5, 'Wed', '10:00:00', '15:00:00', 'RM-297', 40, 0, 'X'),
(299, 37, '2025-2026', 2, 5, 'Mon', '09:00:00', '17:00:00', 'RM-440', 40, 0, 'X'),
(300, 37, '2026-2027', 1, 4, 'Wed', '14:00:00', '17:00:00', 'RM-170', 40, 0, 'X'),
(301, 37, '2026-2027', 2, 3, 'Wed', '09:00:00', '17:00:00', 'RM-388', 40, 0, 'X'),
(302, 38, '2023-2024', 1, 7, 'Wed', '08:00:00', '16:00:00', 'RM-434', 40, 0, 'X'),
(303, 38, '2023-2024', 2, 7, 'Wed', '14:00:00', '16:00:00', 'RM-455', 40, 0, 'X'),
(304, 38, '2024-2025', 1, 2, 'Wed', '14:00:00', '17:00:00', 'RM-430', 40, 0, 'X'),
(305, 38, '2024-2025', 2, 5, 'Wed', '13:00:00', '16:00:00', 'RM-269', 40, 0, 'X'),
(306, 38, '2025-2026', 1, 5, 'Tue', '10:00:00', '16:00:00', 'RM-490', 40, 0, 'X'),
(307, 38, '2025-2026', 2, 7, 'Thu', '09:00:00', '17:00:00', 'RM-126', 40, 0, 'X'),
(308, 38, '2026-2027', 1, 5, 'Thu', '08:00:00', '15:00:00', 'RM-165', 40, 0, 'X'),
(309, 38, '2026-2027', 2, 3, 'Tue', '08:00:00', '16:00:00', 'RM-481', 40, 0, 'X'),
(310, 39, '2023-2024', 1, 2, 'Fri', '11:00:00', '15:00:00', 'RM-482', 40, 0, 'X'),
(311, 39, '2023-2024', 2, 2, 'Thu', '14:00:00', '16:00:00', 'RM-444', 40, 0, 'X'),
(312, 39, '2024-2025', 1, 2, 'Wed', '10:00:00', '16:00:00', 'RM-418', 40, 0, 'X'),
(313, 39, '2024-2025', 2, 7, 'Tue', '09:00:00', '16:00:00', 'RM-332', 40, 0, 'X'),
(314, 39, '2025-2026', 1, 7, 'Thu', '11:00:00', '15:00:00', 'RM-428', 40, 0, 'X'),
(315, 39, '2025-2026', 2, 4, 'Tue', '11:00:00', '17:00:00', 'RM-427', 40, 0, 'X'),
(316, 39, '2026-2027', 1, 4, 'Wed', '11:00:00', '17:00:00', 'RM-311', 40, 0, 'X'),
(317, 39, '2026-2027', 2, 2, 'Thu', '13:00:00', '17:00:00', 'RM-357', 40, 0, 'X'),
(318, 40, '2023-2024', 1, 3, 'Thu', '11:00:00', '16:00:00', 'RM-208', 40, 0, 'X'),
(319, 40, '2023-2024', 2, 1, 'Fri', '13:00:00', '16:00:00', 'RM-209', 40, 0, 'X'),
(320, 40, '2024-2025', 1, 6, 'Mon', '08:00:00', '15:00:00', 'RM-122', 40, 0, 'X'),
(321, 40, '2024-2025', 2, 2, 'Wed', '12:00:00', '15:00:00', 'RM-409', 40, 0, 'X'),
(322, 40, '2025-2026', 1, 7, 'Wed', '14:00:00', '17:00:00', 'RM-445', 40, 0, 'X'),
(323, 40, '2025-2026', 2, 1, 'Wed', '11:00:00', '15:00:00', 'RM-353', 40, 0, 'X'),
(324, 40, '2026-2027', 1, 6, 'Wed', '13:00:00', '16:00:00', 'RM-405', 40, 0, 'X'),
(325, 40, '2026-2027', 2, 7, 'Tue', '13:00:00', '15:00:00', 'RM-436', 40, 0, 'X'),
(326, 41, '2023-2024', 1, 1, 'Fri', '10:00:00', '17:00:00', 'RM-334', 40, 0, 'X'),
(327, 41, '2023-2024', 2, 4, 'Tue', '11:00:00', '17:00:00', 'RM-453', 40, 0, 'X'),
(328, 41, '2024-2025', 1, 6, 'Wed', '11:00:00', '17:00:00', 'RM-236', 40, 0, 'X'),
(329, 41, '2024-2025', 2, 6, 'Wed', '08:00:00', '15:00:00', 'RM-333', 40, 0, 'X'),
(330, 41, '2025-2026', 1, 3, 'Tue', '12:00:00', '17:00:00', 'RM-215', 40, 0, 'X'),
(331, 41, '2025-2026', 2, 1, 'Tue', '14:00:00', '15:00:00', 'RM-213', 40, 0, 'X'),
(332, 41, '2026-2027', 1, 4, 'Fri', '14:00:00', '16:00:00', 'RM-170', 40, 0, 'X'),
(333, 41, '2026-2027', 2, 1, 'Fri', '14:00:00', '17:00:00', 'RM-299', 40, 0, 'X'),
(334, 46, '2023-2024', 1, 1, 'Fri', '12:00:00', '15:00:00', 'RM-446', 40, 0, 'X'),
(335, 46, '2023-2024', 2, 7, 'Fri', '14:00:00', '17:00:00', 'RM-335', 40, 0, 'X'),
(336, 46, '2024-2025', 1, 5, 'Fri', '11:00:00', '15:00:00', 'RM-466', 40, 0, 'X'),
(337, 46, '2024-2025', 2, 7, 'Tue', '11:00:00', '17:00:00', 'RM-379', 40, 0, 'X'),
(338, 46, '2025-2026', 1, 2, 'Fri', '10:00:00', '15:00:00', 'RM-483', 40, 0, 'X'),
(339, 46, '2025-2026', 2, 6, 'Tue', '11:00:00', '15:00:00', 'RM-424', 40, 0, 'X'),
(340, 46, '2026-2027', 1, 4, 'Thu', '11:00:00', '17:00:00', 'RM-364', 40, 0, 'X'),
(341, 46, '2026-2027', 2, 7, 'Thu', '14:00:00', '15:00:00', 'RM-259', 40, 0, 'X'),
(342, 47, '2023-2024', 1, 6, 'Tue', '08:00:00', '15:00:00', 'RM-467', 40, 0, 'X'),
(343, 47, '2023-2024', 2, 4, 'Tue', '09:00:00', '16:00:00', 'RM-169', 40, 0, 'X'),
(344, 47, '2024-2025', 1, 7, 'Wed', '14:00:00', '17:00:00', 'RM-489', 40, 0, 'X'),
(345, 47, '2024-2025', 2, 6, 'Wed', '08:00:00', '16:00:00', 'RM-127', 40, 0, 'X'),
(346, 47, '2025-2026', 1, 5, 'Fri', '12:00:00', '15:00:00', 'RM-377', 40, 0, 'X'),
(347, 47, '2025-2026', 2, 1, 'Wed', '11:00:00', '17:00:00', 'RM-393', 40, 0, 'X'),
(348, 47, '2026-2027', 1, 4, 'Mon', '10:00:00', '16:00:00', 'RM-377', 40, 0, 'X'),
(349, 47, '2026-2027', 2, 5, 'Wed', '10:00:00', '15:00:00', 'RM-412', 40, 0, 'X'),
(350, 48, '2023-2024', 1, 2, 'Mon', '10:00:00', '16:00:00', 'RM-228', 40, 0, 'X'),
(351, 48, '2023-2024', 2, 5, 'Fri', '10:00:00', '16:00:00', 'RM-140', 40, 0, 'X'),
(352, 48, '2024-2025', 1, 5, 'Tue', '09:00:00', '17:00:00', 'RM-334', 40, 0, 'X'),
(353, 48, '2024-2025', 2, 1, 'Tue', '09:00:00', '15:00:00', 'RM-214', 40, 0, 'X'),
(354, 48, '2025-2026', 1, 6, 'Tue', '14:00:00', '16:00:00', 'RM-362', 40, 0, 'X'),
(355, 48, '2025-2026', 2, 4, 'Tue', '13:00:00', '15:00:00', 'RM-402', 40, 0, 'X'),
(356, 48, '2026-2027', 1, 6, 'Tue', '10:00:00', '17:00:00', 'RM-190', 40, 0, 'X'),
(357, 48, '2026-2027', 2, 4, 'Mon', '08:00:00', '15:00:00', 'RM-172', 40, 0, 'X'),
(358, 49, '2023-2024', 1, 2, 'Fri', '13:00:00', '15:00:00', 'RM-358', 40, 0, 'X'),
(359, 49, '2023-2024', 2, 3, 'Wed', '09:00:00', '16:00:00', 'RM-296', 40, 0, 'X'),
(360, 49, '2024-2025', 1, 3, 'Tue', '08:00:00', '16:00:00', 'RM-377', 40, 0, 'X'),
(361, 49, '2024-2025', 2, 6, 'Mon', '11:00:00', '15:00:00', 'RM-352', 40, 0, 'X'),
(362, 49, '2025-2026', 1, 2, 'Mon', '09:00:00', '16:00:00', 'RM-400', 40, 0, 'X'),
(363, 49, '2025-2026', 2, 4, 'Tue', '08:00:00', '17:00:00', 'RM-124', 40, 0, 'X'),
(364, 49, '2026-2027', 1, 2, 'Thu', '11:00:00', '17:00:00', 'RM-200', 40, 0, 'X'),
(365, 49, '2026-2027', 2, 5, 'Tue', '12:00:00', '17:00:00', 'RM-436', 40, 0, 'X'),
(366, 50, '2023-2024', 1, 1, 'Mon', '12:00:00', '17:00:00', 'RM-425', 40, 0, 'X'),
(367, 50, '2023-2024', 2, 2, 'Fri', '13:00:00', '16:00:00', 'RM-194', 40, 0, 'X'),
(368, 50, '2024-2025', 1, 4, 'Tue', '14:00:00', '17:00:00', 'RM-364', 40, 0, 'X'),
(369, 50, '2024-2025', 2, 5, 'Tue', '11:00:00', '15:00:00', 'RM-467', 40, 0, 'X'),
(370, 50, '2025-2026', 1, 3, 'Wed', '11:00:00', '17:00:00', 'RM-399', 40, 0, 'X'),
(371, 50, '2025-2026', 2, 2, 'Mon', '08:00:00', '15:00:00', 'RM-135', 40, 0, 'X'),
(372, 50, '2026-2027', 1, 6, 'Fri', '11:00:00', '15:00:00', 'RM-139', 40, 0, 'X'),
(373, 50, '2026-2027', 2, 1, 'Fri', '10:00:00', '16:00:00', 'RM-145', 40, 0, 'X'),
(374, 51, '2023-2024', 1, 5, 'Mon', '13:00:00', '17:00:00', 'RM-176', 40, 0, 'X'),
(375, 51, '2023-2024', 2, 1, 'Thu', '10:00:00', '17:00:00', 'RM-314', 40, 0, 'X'),
(376, 51, '2024-2025', 1, 1, 'Fri', '14:00:00', '17:00:00', 'RM-227', 40, 0, 'X'),
(377, 51, '2024-2025', 2, 7, 'Thu', '13:00:00', '16:00:00', 'RM-267', 40, 0, 'X'),
(378, 51, '2025-2026', 1, 1, 'Tue', '10:00:00', '16:00:00', 'RM-297', 40, 0, 'X'),
(379, 51, '2025-2026', 2, 1, 'Mon', '08:00:00', '15:00:00', 'RM-437', 40, 0, 'X'),
(380, 51, '2026-2027', 1, 3, 'Mon', '12:00:00', '16:00:00', 'RM-331', 40, 0, 'X'),
(381, 51, '2026-2027', 2, 6, 'Mon', '11:00:00', '17:00:00', 'RM-338', 40, 0, 'X'),
(382, 52, '2023-2024', 1, 7, 'Tue', '14:00:00', '16:00:00', 'RM-440', 40, 0, 'X'),
(383, 52, '2023-2024', 2, 7, 'Tue', '10:00:00', '15:00:00', 'RM-488', 40, 0, 'X'),
(384, 52, '2024-2025', 1, 7, 'Mon', '11:00:00', '16:00:00', 'RM-282', 40, 0, 'X'),
(385, 52, '2024-2025', 2, 4, 'Tue', '14:00:00', '15:00:00', 'RM-461', 40, 0, 'X'),
(386, 52, '2025-2026', 1, 7, 'Mon', '12:00:00', '16:00:00', 'RM-447', 40, 0, 'X'),
(387, 52, '2025-2026', 2, 3, 'Fri', '08:00:00', '16:00:00', 'RM-307', 40, 0, 'X'),
(388, 52, '2026-2027', 1, 5, 'Tue', '14:00:00', '17:00:00', 'RM-472', 40, 0, 'X'),
(389, 52, '2026-2027', 2, 2, 'Wed', '13:00:00', '17:00:00', 'RM-352', 40, 0, 'X'),
(390, 53, '2023-2024', 1, 2, 'Fri', '08:00:00', '17:00:00', 'RM-157', 40, 0, 'X'),
(391, 53, '2023-2024', 2, 5, 'Thu', '14:00:00', '16:00:00', 'RM-261', 40, 0, 'X'),
(392, 53, '2024-2025', 1, 7, 'Wed', '10:00:00', '16:00:00', 'RM-179', 40, 0, 'X'),
(393, 53, '2024-2025', 2, 5, 'Tue', '13:00:00', '16:00:00', 'RM-424', 40, 0, 'X'),
(394, 53, '2025-2026', 1, 1, 'Thu', '09:00:00', '15:00:00', 'RM-163', 40, 0, 'X'),
(395, 53, '2025-2026', 2, 3, 'Wed', '10:00:00', '17:00:00', 'RM-236', 40, 0, 'X'),
(396, 53, '2026-2027', 1, 4, 'Thu', '09:00:00', '15:00:00', 'RM-400', 40, 0, 'X'),
(397, 53, '2026-2027', 2, 1, 'Tue', '11:00:00', '17:00:00', 'RM-225', 40, 0, 'X'),
(398, 54, '2023-2024', 1, 6, 'Fri', '12:00:00', '16:00:00', 'RM-478', 40, 0, 'X'),
(399, 54, '2023-2024', 2, 7, 'Wed', '12:00:00', '15:00:00', 'RM-288', 40, 0, 'X'),
(400, 54, '2024-2025', 1, 6, 'Wed', '11:00:00', '16:00:00', 'RM-238', 40, 0, 'X'),
(401, 54, '2024-2025', 2, 1, 'Fri', '10:00:00', '16:00:00', 'RM-147', 40, 0, 'X'),
(402, 54, '2025-2026', 1, 4, 'Thu', '12:00:00', '17:00:00', 'RM-239', 40, 0, 'X'),
(403, 54, '2025-2026', 2, 3, 'Thu', '14:00:00', '17:00:00', 'RM-236', 40, 0, 'X'),
(404, 54, '2026-2027', 1, 3, 'Wed', '10:00:00', '15:00:00', 'RM-470', 40, 0, 'X'),
(405, 54, '2026-2027', 2, 4, 'Tue', '08:00:00', '16:00:00', 'RM-138', 40, 0, 'X'),
(406, 61, '2023-2024', 1, 5, 'Mon', '11:00:00', '15:00:00', 'RM-427', 40, 0, 'X'),
(407, 61, '2023-2024', 2, 6, 'Fri', '14:00:00', '16:00:00', 'RM-264', 40, 0, 'X'),
(408, 61, '2024-2025', 1, 4, 'Tue', '09:00:00', '15:00:00', 'RM-158', 40, 0, 'X'),
(409, 61, '2024-2025', 2, 3, 'Fri', '12:00:00', '16:00:00', 'RM-370', 40, 0, 'X'),
(410, 61, '2025-2026', 1, 2, 'Thu', '09:00:00', '17:00:00', 'RM-216', 40, 0, 'X'),
(411, 61, '2025-2026', 2, 1, 'Tue', '12:00:00', '15:00:00', 'RM-271', 40, 0, 'X'),
(412, 61, '2026-2027', 1, 5, 'Fri', '09:00:00', '17:00:00', 'RM-483', 40, 0, 'X'),
(413, 61, '2026-2027', 2, 7, 'Thu', '09:00:00', '15:00:00', 'RM-205', 40, 0, 'X'),
(414, 62, '2023-2024', 1, 7, 'Mon', '09:00:00', '17:00:00', 'RM-477', 40, 0, 'X'),
(415, 62, '2023-2024', 2, 5, 'Mon', '10:00:00', '16:00:00', 'RM-167', 40, 0, 'X'),
(416, 62, '2024-2025', 1, 7, 'Tue', '13:00:00', '17:00:00', 'RM-288', 40, 0, 'X'),
(417, 62, '2024-2025', 2, 2, 'Mon', '09:00:00', '15:00:00', 'RM-252', 40, 0, 'X'),
(418, 62, '2025-2026', 1, 7, 'Mon', '11:00:00', '16:00:00', 'RM-168', 40, 0, 'X'),
(419, 62, '2025-2026', 2, 4, 'Tue', '12:00:00', '15:00:00', 'RM-128', 40, 0, 'X'),
(420, 62, '2026-2027', 1, 4, 'Thu', '09:00:00', '17:00:00', 'RM-401', 40, 0, 'X'),
(421, 62, '2026-2027', 2, 5, 'Tue', '08:00:00', '15:00:00', 'RM-252', 40, 0, 'X'),
(422, 63, '2023-2024', 1, 6, 'Fri', '09:00:00', '16:00:00', 'RM-250', 40, 0, 'X'),
(423, 63, '2023-2024', 2, 5, 'Fri', '12:00:00', '17:00:00', 'RM-265', 40, 0, 'X'),
(424, 63, '2024-2025', 1, 3, 'Mon', '14:00:00', '17:00:00', 'RM-488', 40, 0, 'X'),
(425, 63, '2024-2025', 2, 4, 'Tue', '13:00:00', '17:00:00', 'RM-484', 40, 0, 'X'),
(426, 63, '2025-2026', 1, 6, 'Thu', '10:00:00', '17:00:00', 'RM-116', 40, 0, 'X'),
(427, 63, '2025-2026', 2, 3, 'Tue', '09:00:00', '17:00:00', 'RM-357', 40, 0, 'X'),
(428, 63, '2026-2027', 1, 7, 'Wed', '12:00:00', '15:00:00', 'RM-284', 40, 0, 'X'),
(429, 63, '2026-2027', 2, 5, 'Thu', '08:00:00', '16:00:00', 'RM-119', 40, 0, 'X'),
(430, 64, '2023-2024', 1, 2, 'Thu', '08:00:00', '15:00:00', 'RM-281', 40, 0, 'X'),
(431, 64, '2023-2024', 2, 2, 'Tue', '12:00:00', '15:00:00', 'RM-174', 40, 0, 'X'),
(432, 64, '2024-2025', 1, 5, 'Thu', '08:00:00', '17:00:00', 'RM-232', 40, 0, 'X'),
(433, 64, '2024-2025', 2, 4, 'Mon', '09:00:00', '16:00:00', 'RM-322', 40, 0, 'X'),
(434, 64, '2025-2026', 1, 7, 'Tue', '12:00:00', '17:00:00', 'RM-449', 40, 0, 'X'),
(435, 64, '2025-2026', 2, 2, 'Mon', '10:00:00', '16:00:00', 'RM-246', 40, 0, 'X'),
(436, 64, '2026-2027', 1, 3, 'Thu', '11:00:00', '17:00:00', 'RM-186', 40, 0, 'X'),
(437, 64, '2026-2027', 2, 5, 'Wed', '09:00:00', '16:00:00', 'RM-358', 40, 0, 'X'),
(438, 65, '2023-2024', 1, 1, 'Wed', '13:00:00', '15:00:00', 'RM-293', 40, 0, 'X'),
(439, 65, '2023-2024', 2, 1, 'Tue', '13:00:00', '17:00:00', 'RM-105', 40, 0, 'X'),
(440, 65, '2024-2025', 1, 6, 'Thu', '08:00:00', '17:00:00', 'RM-381', 40, 0, 'X'),
(441, 65, '2024-2025', 2, 3, 'Tue', '08:00:00', '15:00:00', 'RM-156', 40, 0, 'X'),
(442, 65, '2025-2026', 1, 4, 'Thu', '13:00:00', '15:00:00', 'RM-291', 40, 0, 'X'),
(443, 65, '2025-2026', 2, 4, 'Mon', '09:00:00', '16:00:00', 'RM-228', 40, 0, 'X'),
(444, 65, '2026-2027', 1, 2, 'Tue', '10:00:00', '17:00:00', 'RM-118', 40, 0, 'X'),
(445, 65, '2026-2027', 2, 4, 'Thu', '12:00:00', '16:00:00', 'RM-196', 40, 0, 'X'),
(446, 66, '2023-2024', 1, 3, 'Tue', '08:00:00', '17:00:00', 'RM-223', 40, 0, 'X'),
(447, 66, '2023-2024', 2, 7, 'Tue', '14:00:00', '16:00:00', 'RM-310', 40, 0, 'X'),
(448, 66, '2024-2025', 1, 3, 'Mon', '08:00:00', '16:00:00', 'RM-211', 40, 0, 'X'),
(449, 66, '2024-2025', 2, 7, 'Fri', '08:00:00', '15:00:00', 'RM-342', 40, 0, 'X'),
(450, 66, '2025-2026', 1, 6, 'Tue', '11:00:00', '16:00:00', 'RM-195', 40, 0, 'X'),
(451, 66, '2025-2026', 2, 6, 'Mon', '13:00:00', '16:00:00', 'RM-134', 40, 0, 'X'),
(452, 66, '2026-2027', 1, 3, 'Fri', '11:00:00', '16:00:00', 'RM-440', 40, 0, 'X'),
(453, 66, '2026-2027', 2, 4, 'Fri', '11:00:00', '17:00:00', 'RM-258', 40, 0, 'X'),
(454, 67, '2023-2024', 1, 3, 'Wed', '10:00:00', '16:00:00', 'RM-375', 40, 0, 'X'),
(455, 67, '2023-2024', 2, 7, 'Mon', '12:00:00', '16:00:00', 'RM-408', 40, 0, 'X'),
(456, 67, '2024-2025', 1, 3, 'Wed', '13:00:00', '15:00:00', 'RM-252', 40, 0, 'X'),
(457, 67, '2024-2025', 2, 5, 'Fri', '14:00:00', '17:00:00', 'RM-263', 40, 0, 'X'),
(458, 67, '2025-2026', 1, 6, 'Mon', '11:00:00', '15:00:00', 'RM-115', 40, 0, 'X'),
(459, 67, '2025-2026', 2, 1, 'Thu', '10:00:00', '15:00:00', 'RM-181', 40, 0, 'X'),
(460, 67, '2026-2027', 1, 7, 'Thu', '14:00:00', '15:00:00', 'RM-333', 40, 0, 'X'),
(461, 67, '2026-2027', 2, 7, 'Mon', '13:00:00', '15:00:00', 'RM-383', 40, 0, 'X'),
(462, 68, '2023-2024', 1, 4, 'Mon', '10:00:00', '16:00:00', 'RM-465', 40, 0, 'X'),
(463, 68, '2023-2024', 2, 1, 'Mon', '13:00:00', '17:00:00', 'RM-412', 40, 0, 'X'),
(464, 68, '2024-2025', 1, 2, 'Wed', '08:00:00', '17:00:00', 'RM-366', 40, 0, 'X'),
(465, 68, '2024-2025', 2, 6, 'Tue', '13:00:00', '16:00:00', 'RM-291', 40, 0, 'X'),
(466, 68, '2025-2026', 1, 7, 'Fri', '09:00:00', '16:00:00', 'RM-266', 40, 0, 'X'),
(467, 68, '2025-2026', 2, 5, 'Wed', '13:00:00', '16:00:00', 'RM-128', 40, 0, 'X'),
(468, 68, '2026-2027', 1, 6, 'Fri', '09:00:00', '17:00:00', 'RM-467', 40, 0, 'X'),
(469, 68, '2026-2027', 2, 2, 'Fri', '13:00:00', '15:00:00', 'RM-305', 40, 0, 'X'),
(470, 69, '2023-2024', 1, 7, 'Fri', '12:00:00', '15:00:00', 'RM-271', 40, 0, 'X'),
(471, 69, '2023-2024', 2, 4, 'Fri', '09:00:00', '15:00:00', 'RM-434', 40, 0, 'X'),
(472, 69, '2024-2025', 1, 1, 'Fri', '12:00:00', '16:00:00', 'RM-266', 40, 0, 'X'),
(473, 69, '2024-2025', 2, 1, 'Wed', '11:00:00', '17:00:00', 'RM-435', 40, 0, 'X'),
(474, 69, '2025-2026', 1, 3, 'Wed', '11:00:00', '15:00:00', 'RM-205', 40, 0, 'X'),
(475, 69, '2025-2026', 2, 5, 'Thu', '08:00:00', '16:00:00', 'RM-461', 40, 0, 'X'),
(476, 69, '2026-2027', 1, 6, 'Tue', '13:00:00', '17:00:00', 'RM-276', 40, 0, 'X'),
(477, 69, '2026-2027', 2, 7, 'Tue', '14:00:00', '15:00:00', 'RM-124', 40, 0, 'X'),
(478, 70, '2023-2024', 1, 2, 'Fri', '13:00:00', '16:00:00', 'RM-365', 40, 0, 'X'),
(479, 70, '2023-2024', 2, 6, 'Wed', '14:00:00', '16:00:00', 'RM-163', 40, 0, 'X'),
(480, 70, '2024-2025', 1, 5, 'Wed', '09:00:00', '17:00:00', 'RM-461', 40, 0, 'X'),
(481, 70, '2024-2025', 2, 6, 'Fri', '09:00:00', '17:00:00', 'RM-324', 40, 0, 'X'),
(482, 70, '2025-2026', 1, 1, 'Mon', '14:00:00', '16:00:00', 'RM-376', 40, 0, 'X'),
(483, 70, '2025-2026', 2, 3, 'Mon', '09:00:00', '17:00:00', 'RM-385', 40, 0, 'X'),
(484, 70, '2026-2027', 1, 5, 'Fri', '09:00:00', '17:00:00', 'RM-394', 40, 0, 'X'),
(485, 70, '2026-2027', 2, 1, 'Tue', '12:00:00', '15:00:00', 'RM-117', 40, 0, 'X'),
(486, 71, '2023-2024', 1, 3, 'Mon', '10:00:00', '16:00:00', 'RM-267', 40, 0, 'X'),
(487, 71, '2023-2024', 2, 2, 'Tue', '13:00:00', '17:00:00', 'RM-395', 40, 0, 'X'),
(488, 71, '2024-2025', 1, 3, 'Fri', '12:00:00', '17:00:00', 'RM-317', 40, 0, 'X'),
(489, 71, '2024-2025', 2, 6, 'Tue', '12:00:00', '17:00:00', 'RM-416', 40, 0, 'X'),
(490, 71, '2025-2026', 1, 3, 'Tue', '09:00:00', '15:00:00', 'RM-160', 40, 0, 'X'),
(491, 71, '2025-2026', 2, 2, 'Fri', '10:00:00', '15:00:00', 'RM-187', 40, 0, 'X'),
(492, 71, '2026-2027', 1, 4, 'Thu', '13:00:00', '17:00:00', 'RM-194', 40, 0, 'X'),
(493, 71, '2026-2027', 2, 4, 'Tue', '09:00:00', '17:00:00', 'RM-491', 40, 0, 'X'),
(494, 1, '2023-2024', 1, 6, 'Fri', '14:00:00', '16:00:00', 'RM-127', 40, 0, 'Y'),
(495, 1, '2023-2024', 2, 7, 'Wed', '11:00:00', '15:00:00', 'RM-211', 40, 0, 'Y'),
(496, 1, '2024-2025', 1, 6, 'Mon', '09:00:00', '15:00:00', 'RM-191', 40, 0, 'Y'),
(497, 1, '2024-2025', 2, 7, 'Tue', '10:00:00', '15:00:00', 'RM-278', 40, 0, 'Y'),
(498, 1, '2025-2026', 1, 5, 'Wed', '13:00:00', '17:00:00', 'RM-158', 40, 0, 'Y'),
(499, 1, '2025-2026', 2, 7, 'Fri', '08:00:00', '16:00:00', 'RM-368', 40, 0, 'Y'),
(500, 1, '2026-2027', 1, 6, 'Tue', '09:00:00', '16:00:00', 'RM-385', 40, 0, 'Y'),
(501, 1, '2026-2027', 2, 1, 'Thu', '08:00:00', '17:00:00', 'RM-378', 40, 0, 'Y'),
(502, 2, '2023-2024', 1, 3, 'Tue', '14:00:00', '15:00:00', 'RM-201', 40, 0, 'Y'),
(503, 2, '2023-2024', 2, 6, 'Fri', '14:00:00', '16:00:00', 'RM-202', 40, 0, 'Y'),
(504, 2, '2024-2025', 1, 5, 'Mon', '12:00:00', '15:00:00', 'RM-271', 40, 0, 'Y'),
(505, 2, '2024-2025', 2, 3, 'Thu', '13:00:00', '16:00:00', 'RM-440', 40, 0, 'Y'),
(506, 2, '2025-2026', 1, 2, 'Thu', '11:00:00', '17:00:00', 'RM-368', 40, 0, 'Y'),
(507, 2, '2025-2026', 2, 1, 'Thu', '09:00:00', '16:00:00', 'RM-421', 40, 0, 'Y'),
(508, 2, '2026-2027', 1, 1, 'Thu', '13:00:00', '16:00:00', 'RM-481', 40, 0, 'Y'),
(509, 2, '2026-2027', 2, 5, 'Thu', '12:00:00', '17:00:00', 'RM-252', 40, 0, 'Y'),
(510, 3, '2023-2024', 1, 6, 'Wed', '12:00:00', '15:00:00', 'RM-354', 40, 0, 'Y'),
(511, 3, '2023-2024', 2, 6, 'Tue', '12:00:00', '15:00:00', 'RM-122', 40, 0, 'Y'),
(512, 3, '2024-2025', 1, 2, 'Mon', '08:00:00', '17:00:00', 'RM-442', 40, 0, 'Y'),
(513, 3, '2024-2025', 2, 6, 'Tue', '14:00:00', '16:00:00', 'RM-477', 40, 0, 'Y'),
(514, 3, '2025-2026', 1, 5, 'Mon', '14:00:00', '15:00:00', 'RM-190', 40, 0, 'Y'),
(515, 3, '2025-2026', 2, 4, 'Tue', '11:00:00', '17:00:00', 'RM-208', 40, 0, 'Y'),
(516, 3, '2026-2027', 1, 7, 'Tue', '10:00:00', '16:00:00', 'RM-209', 40, 0, 'Y'),
(517, 3, '2026-2027', 2, 2, 'Wed', '10:00:00', '17:00:00', 'RM-317', 40, 0, 'Y'),
(518, 4, '2023-2024', 1, 7, 'Thu', '10:00:00', '17:00:00', 'RM-149', 40, 0, 'Y'),
(519, 4, '2023-2024', 2, 3, 'Mon', '09:00:00', '17:00:00', 'RM-258', 40, 0, 'Y'),
(520, 4, '2024-2025', 1, 6, 'Wed', '12:00:00', '16:00:00', 'RM-151', 40, 0, 'Y'),
(521, 4, '2024-2025', 2, 7, 'Tue', '08:00:00', '17:00:00', 'RM-205', 40, 0, 'Y'),
(522, 4, '2025-2026', 1, 5, 'Tue', '14:00:00', '17:00:00', 'RM-223', 40, 0, 'Y'),
(523, 4, '2025-2026', 2, 7, 'Thu', '08:00:00', '17:00:00', 'RM-146', 40, 0, 'Y'),
(524, 4, '2026-2027', 1, 6, 'Mon', '10:00:00', '16:00:00', 'RM-467', 40, 0, 'Y'),
(525, 4, '2026-2027', 2, 5, 'Tue', '09:00:00', '15:00:00', 'RM-484', 40, 0, 'Y'),
(526, 5, '2023-2024', 1, 4, 'Mon', '14:00:00', '16:00:00', 'RM-235', 40, 0, 'Y'),
(527, 5, '2023-2024', 2, 2, 'Thu', '11:00:00', '17:00:00', 'RM-304', 40, 0, 'Y'),
(528, 5, '2024-2025', 1, 1, 'Tue', '12:00:00', '16:00:00', 'RM-499', 40, 0, 'Y'),
(529, 5, '2024-2025', 2, 7, 'Fri', '12:00:00', '17:00:00', 'RM-345', 40, 0, 'Y'),
(530, 5, '2025-2026', 1, 2, 'Fri', '14:00:00', '15:00:00', 'RM-454', 40, 0, 'Y'),
(531, 5, '2025-2026', 2, 1, 'Mon', '12:00:00', '15:00:00', 'RM-249', 40, 0, 'Y'),
(532, 5, '2026-2027', 1, 1, 'Tue', '14:00:00', '15:00:00', 'RM-373', 40, 0, 'Y'),
(533, 5, '2026-2027', 2, 2, 'Fri', '10:00:00', '15:00:00', 'RM-285', 40, 0, 'Y'),
(534, 6, '2023-2024', 1, 7, 'Tue', '08:00:00', '15:00:00', 'RM-465', 40, 0, 'Y'),
(535, 6, '2023-2024', 2, 2, 'Thu', '12:00:00', '17:00:00', 'RM-448', 40, 0, 'Y'),
(536, 6, '2024-2025', 1, 7, 'Wed', '14:00:00', '17:00:00', 'RM-188', 40, 0, 'Y'),
(537, 6, '2024-2025', 2, 2, 'Mon', '09:00:00', '16:00:00', 'RM-140', 40, 0, 'Y'),
(538, 6, '2025-2026', 1, 3, 'Mon', '10:00:00', '15:00:00', 'RM-245', 40, 0, 'Y'),
(539, 6, '2025-2026', 2, 4, 'Fri', '11:00:00', '15:00:00', 'RM-323', 40, 0, 'Y'),
(540, 6, '2026-2027', 1, 2, 'Fri', '11:00:00', '16:00:00', 'RM-490', 40, 0, 'Y'),
(541, 6, '2026-2027', 2, 6, 'Wed', '12:00:00', '15:00:00', 'RM-212', 40, 0, 'Y'),
(542, 7, '2023-2024', 1, 4, 'Wed', '09:00:00', '17:00:00', 'RM-455', 40, 0, 'Y'),
(543, 7, '2023-2024', 2, 7, 'Fri', '14:00:00', '17:00:00', 'RM-144', 40, 0, 'Y'),
(544, 7, '2024-2025', 1, 1, 'Mon', '14:00:00', '16:00:00', 'RM-198', 40, 0, 'Y'),
(545, 7, '2024-2025', 2, 1, 'Wed', '11:00:00', '16:00:00', 'RM-412', 40, 0, 'Y'),
(546, 7, '2025-2026', 1, 4, 'Wed', '09:00:00', '15:00:00', 'RM-367', 40, 0, 'Y'),
(547, 7, '2025-2026', 2, 4, 'Mon', '09:00:00', '17:00:00', 'RM-221', 40, 0, 'Y'),
(548, 7, '2026-2027', 1, 1, 'Fri', '13:00:00', '16:00:00', 'RM-190', 40, 0, 'Y'),
(549, 7, '2026-2027', 2, 5, 'Thu', '13:00:00', '15:00:00', 'RM-457', 40, 0, 'Y'),
(550, 8, '2023-2024', 1, 3, 'Wed', '11:00:00', '15:00:00', 'RM-453', 40, 0, 'Y'),
(551, 8, '2023-2024', 2, 4, 'Mon', '09:00:00', '15:00:00', 'RM-111', 40, 0, 'Y'),
(552, 8, '2024-2025', 1, 6, 'Wed', '14:00:00', '15:00:00', 'RM-130', 40, 0, 'Y'),
(553, 8, '2024-2025', 2, 1, 'Wed', '09:00:00', '15:00:00', 'RM-197', 40, 0, 'Y'),
(554, 8, '2025-2026', 1, 5, 'Fri', '10:00:00', '15:00:00', 'RM-401', 40, 0, 'Y'),
(555, 8, '2025-2026', 2, 4, 'Wed', '14:00:00', '17:00:00', 'RM-344', 40, 0, 'Y'),
(556, 8, '2026-2027', 1, 6, 'Mon', '08:00:00', '16:00:00', 'RM-219', 40, 0, 'Y'),
(557, 8, '2026-2027', 2, 4, 'Tue', '12:00:00', '15:00:00', 'RM-384', 40, 0, 'Y'),
(558, 9, '2023-2024', 1, 4, 'Wed', '12:00:00', '15:00:00', 'RM-235', 40, 0, 'Y'),
(559, 9, '2023-2024', 2, 4, 'Fri', '09:00:00', '17:00:00', 'RM-158', 40, 0, 'Y'),
(560, 9, '2024-2025', 1, 1, 'Thu', '09:00:00', '16:00:00', 'RM-377', 40, 0, 'Y'),
(561, 9, '2024-2025', 2, 3, 'Mon', '08:00:00', '17:00:00', 'RM-152', 40, 0, 'Y'),
(562, 9, '2025-2026', 1, 3, 'Thu', '09:00:00', '17:00:00', 'RM-254', 40, 0, 'Y'),
(563, 9, '2025-2026', 2, 5, 'Thu', '10:00:00', '16:00:00', 'RM-406', 40, 0, 'Y'),
(564, 9, '2026-2027', 1, 7, 'Mon', '12:00:00', '17:00:00', 'RM-225', 40, 0, 'Y'),
(565, 9, '2026-2027', 2, 1, 'Fri', '10:00:00', '17:00:00', 'RM-320', 40, 0, 'Y'),
(566, 10, '2023-2024', 1, 1, 'Tue', '14:00:00', '15:00:00', 'RM-488', 40, 0, 'Y'),
(567, 10, '2023-2024', 2, 6, 'Thu', '14:00:00', '15:00:00', 'RM-383', 40, 0, 'Y'),
(568, 10, '2024-2025', 1, 2, 'Tue', '10:00:00', '15:00:00', 'RM-252', 40, 0, 'Y'),
(569, 10, '2024-2025', 2, 1, 'Wed', '13:00:00', '16:00:00', 'RM-393', 40, 0, 'Y'),
(570, 10, '2025-2026', 1, 1, 'Wed', '11:00:00', '15:00:00', 'RM-413', 40, 0, 'Y'),
(571, 10, '2025-2026', 2, 7, 'Fri', '12:00:00', '16:00:00', 'RM-322', 40, 0, 'Y'),
(572, 10, '2026-2027', 1, 5, 'Tue', '08:00:00', '16:00:00', 'RM-462', 40, 0, 'Y'),
(573, 10, '2026-2027', 2, 3, 'Thu', '13:00:00', '16:00:00', 'RM-169', 40, 0, 'Y'),
(574, 11, '2023-2024', 1, 2, 'Fri', '09:00:00', '17:00:00', 'RM-207', 40, 0, 'Y'),
(575, 11, '2023-2024', 2, 6, 'Thu', '13:00:00', '17:00:00', 'RM-110', 40, 0, 'Y'),
(576, 11, '2024-2025', 1, 1, 'Tue', '14:00:00', '15:00:00', 'RM-499', 40, 0, 'Y'),
(577, 11, '2024-2025', 2, 3, 'Thu', '08:00:00', '17:00:00', 'RM-281', 40, 0, 'Y'),
(578, 11, '2025-2026', 1, 7, 'Mon', '13:00:00', '15:00:00', 'RM-212', 40, 0, 'Y'),
(579, 11, '2025-2026', 2, 5, 'Tue', '13:00:00', '17:00:00', 'RM-117', 40, 0, 'Y'),
(580, 11, '2026-2027', 1, 3, 'Mon', '13:00:00', '15:00:00', 'RM-432', 40, 0, 'Y'),
(581, 11, '2026-2027', 2, 7, 'Mon', '13:00:00', '16:00:00', 'RM-205', 40, 0, 'Y'),
(582, 12, '2023-2024', 1, 3, 'Wed', '09:00:00', '17:00:00', 'RM-364', 40, 0, 'Y'),
(583, 12, '2023-2024', 2, 7, 'Tue', '08:00:00', '15:00:00', 'RM-179', 40, 0, 'Y'),
(584, 12, '2024-2025', 1, 7, 'Thu', '12:00:00', '17:00:00', 'RM-262', 40, 0, 'Y'),
(585, 12, '2024-2025', 2, 2, 'Fri', '10:00:00', '16:00:00', 'RM-222', 40, 0, 'Y'),
(586, 12, '2025-2026', 1, 2, 'Mon', '14:00:00', '17:00:00', 'RM-436', 40, 0, 'Y'),
(587, 12, '2025-2026', 2, 3, 'Mon', '08:00:00', '15:00:00', 'RM-344', 40, 0, 'Y'),
(588, 12, '2026-2027', 1, 6, 'Thu', '09:00:00', '17:00:00', 'RM-422', 40, 0, 'Y'),
(589, 12, '2026-2027', 2, 1, 'Tue', '08:00:00', '15:00:00', 'RM-108', 40, 0, 'Y'),
(590, 13, '2023-2024', 1, 5, 'Mon', '14:00:00', '17:00:00', 'RM-412', 40, 0, 'Y'),
(591, 13, '2023-2024', 2, 5, 'Tue', '08:00:00', '15:00:00', 'RM-314', 40, 0, 'Y'),
(592, 13, '2024-2025', 1, 3, 'Thu', '11:00:00', '17:00:00', 'RM-219', 40, 0, 'Y'),
(593, 13, '2024-2025', 2, 1, 'Wed', '13:00:00', '16:00:00', 'RM-317', 40, 0, 'Y'),
(594, 13, '2025-2026', 1, 1, 'Fri', '09:00:00', '16:00:00', 'RM-403', 40, 0, 'Y'),
(595, 13, '2025-2026', 2, 6, 'Tue', '14:00:00', '17:00:00', 'RM-186', 40, 0, 'Y'),
(596, 13, '2026-2027', 1, 3, 'Fri', '09:00:00', '15:00:00', 'RM-389', 40, 0, 'Y'),
(597, 13, '2026-2027', 2, 1, 'Thu', '14:00:00', '17:00:00', 'RM-317', 40, 0, 'Y'),
(598, 14, '2023-2024', 1, 4, 'Wed', '08:00:00', '17:00:00', 'RM-437', 40, 0, 'Y'),
(599, 14, '2023-2024', 2, 7, 'Thu', '13:00:00', '16:00:00', 'RM-392', 40, 0, 'Y'),
(600, 14, '2024-2025', 1, 6, 'Tue', '12:00:00', '17:00:00', 'RM-311', 40, 0, 'Y'),
(601, 14, '2024-2025', 2, 2, 'Mon', '14:00:00', '15:00:00', 'RM-309', 40, 0, 'Y'),
(602, 14, '2025-2026', 1, 1, 'Wed', '13:00:00', '15:00:00', 'RM-404', 40, 0, 'Y'),
(603, 14, '2025-2026', 2, 2, 'Mon', '10:00:00', '17:00:00', 'RM-479', 40, 0, 'Y'),
(604, 14, '2026-2027', 1, 1, 'Wed', '13:00:00', '17:00:00', 'RM-425', 40, 0, 'Y'),
(605, 14, '2026-2027', 2, 5, 'Thu', '14:00:00', '15:00:00', 'RM-218', 40, 0, 'Y'),
(606, 15, '2023-2024', 1, 1, 'Thu', '12:00:00', '17:00:00', 'RM-250', 40, 0, 'Y'),
(607, 15, '2023-2024', 2, 3, 'Mon', '12:00:00', '16:00:00', 'RM-152', 40, 0, 'Y'),
(608, 15, '2024-2025', 1, 7, 'Mon', '10:00:00', '17:00:00', 'RM-378', 40, 0, 'Y'),
(609, 15, '2024-2025', 2, 2, 'Thu', '08:00:00', '15:00:00', 'RM-444', 40, 0, 'Y'),
(610, 15, '2025-2026', 1, 1, 'Wed', '10:00:00', '16:00:00', 'RM-149', 40, 0, 'Y'),
(611, 15, '2025-2026', 2, 7, 'Tue', '10:00:00', '15:00:00', 'RM-317', 40, 0, 'Y'),
(612, 15, '2026-2027', 1, 4, 'Tue', '10:00:00', '16:00:00', 'RM-112', 40, 0, 'Y'),
(613, 15, '2026-2027', 2, 3, 'Thu', '10:00:00', '17:00:00', 'RM-193', 40, 0, 'Y'),
(614, 16, '2023-2024', 1, 3, 'Fri', '08:00:00', '17:00:00', 'RM-213', 40, 0, 'Y'),
(615, 16, '2023-2024', 2, 3, 'Fri', '14:00:00', '15:00:00', 'RM-325', 40, 0, 'Y'),
(616, 16, '2024-2025', 1, 6, 'Wed', '09:00:00', '17:00:00', 'RM-176', 40, 0, 'Y'),
(617, 16, '2024-2025', 2, 4, 'Wed', '09:00:00', '16:00:00', 'RM-347', 40, 0, 'Y'),
(618, 16, '2025-2026', 1, 7, 'Wed', '11:00:00', '17:00:00', 'RM-438', 40, 0, 'Y'),
(619, 16, '2025-2026', 2, 7, 'Thu', '14:00:00', '17:00:00', 'RM-183', 40, 0, 'Y'),
(620, 16, '2026-2027', 1, 1, 'Tue', '11:00:00', '15:00:00', 'RM-110', 40, 0, 'Y'),
(621, 16, '2026-2027', 2, 3, 'Fri', '13:00:00', '15:00:00', 'RM-394', 40, 0, 'Y'),
(622, 17, '2023-2024', 1, 1, 'Thu', '11:00:00', '17:00:00', 'RM-426', 40, 0, 'Y'),
(623, 17, '2023-2024', 2, 3, 'Mon', '11:00:00', '16:00:00', 'RM-263', 40, 0, 'Y'),
(624, 17, '2024-2025', 1, 1, 'Wed', '13:00:00', '16:00:00', 'RM-124', 40, 0, 'Y'),
(625, 17, '2024-2025', 2, 6, 'Fri', '14:00:00', '16:00:00', 'RM-176', 40, 0, 'Y'),
(626, 17, '2025-2026', 1, 4, 'Fri', '13:00:00', '16:00:00', 'RM-322', 40, 0, 'Y'),
(627, 17, '2025-2026', 2, 7, 'Wed', '09:00:00', '17:00:00', 'RM-140', 40, 0, 'Y'),
(628, 17, '2026-2027', 1, 7, 'Fri', '08:00:00', '15:00:00', 'RM-431', 40, 0, 'Y'),
(629, 17, '2026-2027', 2, 2, 'Fri', '14:00:00', '16:00:00', 'RM-109', 40, 0, 'Y'),
(630, 18, '2023-2024', 1, 6, 'Thu', '11:00:00', '17:00:00', 'RM-266', 40, 0, 'Y'),
(631, 18, '2023-2024', 2, 5, 'Thu', '10:00:00', '15:00:00', 'RM-418', 40, 0, 'Y'),
(632, 18, '2024-2025', 1, 6, 'Thu', '14:00:00', '15:00:00', 'RM-161', 40, 0, 'Y'),
(633, 18, '2024-2025', 2, 4, 'Fri', '08:00:00', '15:00:00', 'RM-336', 40, 0, 'Y'),
(634, 18, '2025-2026', 1, 2, 'Tue', '11:00:00', '15:00:00', 'RM-391', 40, 0, 'Y'),
(635, 18, '2025-2026', 2, 3, 'Thu', '11:00:00', '17:00:00', 'RM-125', 40, 0, 'Y'),
(636, 18, '2026-2027', 1, 1, 'Tue', '12:00:00', '17:00:00', 'RM-361', 40, 0, 'Y'),
(637, 18, '2026-2027', 2, 2, 'Mon', '11:00:00', '16:00:00', 'RM-189', 40, 0, 'Y'),
(638, 19, '2023-2024', 1, 1, 'Mon', '13:00:00', '15:00:00', 'RM-224', 40, 0, 'Y'),
(639, 19, '2023-2024', 2, 1, 'Thu', '09:00:00', '17:00:00', 'RM-440', 40, 0, 'Y'),
(640, 19, '2024-2025', 1, 3, 'Wed', '12:00:00', '15:00:00', 'RM-292', 40, 0, 'Y'),
(641, 19, '2024-2025', 2, 4, 'Fri', '14:00:00', '15:00:00', 'RM-113', 40, 0, 'Y'),
(642, 19, '2025-2026', 1, 3, 'Mon', '12:00:00', '17:00:00', 'RM-276', 40, 0, 'Y'),
(643, 19, '2025-2026', 2, 5, 'Tue', '09:00:00', '16:00:00', 'RM-104', 40, 0, 'Y'),
(644, 19, '2026-2027', 1, 2, 'Fri', '13:00:00', '15:00:00', 'RM-113', 40, 0, 'Y'),
(645, 19, '2026-2027', 2, 7, 'Tue', '09:00:00', '17:00:00', 'RM-499', 40, 0, 'Y'),
(646, 20, '2023-2024', 1, 7, 'Thu', '08:00:00', '17:00:00', 'RM-268', 40, 0, 'Y'),
(647, 20, '2023-2024', 2, 6, 'Tue', '09:00:00', '17:00:00', 'RM-360', 40, 0, 'Y'),
(648, 20, '2024-2025', 1, 5, 'Fri', '08:00:00', '15:00:00', 'RM-192', 40, 0, 'Y'),
(649, 20, '2024-2025', 2, 5, 'Tue', '13:00:00', '17:00:00', 'RM-467', 40, 0, 'Y'),
(650, 20, '2025-2026', 1, 1, 'Fri', '13:00:00', '15:00:00', 'RM-153', 40, 0, 'Y'),
(651, 20, '2025-2026', 2, 4, 'Thu', '13:00:00', '16:00:00', 'RM-243', 40, 0, 'Y'),
(652, 20, '2026-2027', 1, 7, 'Wed', '13:00:00', '15:00:00', 'RM-159', 40, 0, 'Y'),
(653, 20, '2026-2027', 2, 7, 'Fri', '08:00:00', '16:00:00', 'RM-219', 40, 0, 'Y'),
(654, 21, '2023-2024', 1, 5, 'Thu', '14:00:00', '16:00:00', 'RM-174', 40, 0, 'Y');
INSERT INTO `schedules` (`schedule_id`, `course_id`, `academic_year`, `semester_id`, `teacher_id`, `days`, `time_start`, `time_end`, `room`, `capacity`, `enrolled_count`, `section_code`) VALUES
(655, 21, '2023-2024', 2, 7, 'Wed', '09:00:00', '16:00:00', 'RM-206', 40, 0, 'Y'),
(656, 21, '2024-2025', 1, 4, 'Thu', '10:00:00', '16:00:00', 'RM-275', 40, 0, 'Y'),
(657, 21, '2024-2025', 2, 4, 'Tue', '10:00:00', '16:00:00', 'RM-181', 40, 0, 'Y'),
(658, 21, '2025-2026', 1, 6, 'Fri', '10:00:00', '16:00:00', 'RM-339', 40, 0, 'Y'),
(659, 21, '2025-2026', 2, 2, 'Tue', '12:00:00', '16:00:00', 'RM-491', 40, 0, 'Y'),
(660, 21, '2026-2027', 1, 5, 'Thu', '12:00:00', '15:00:00', 'RM-211', 40, 0, 'Y'),
(661, 21, '2026-2027', 2, 5, 'Wed', '09:00:00', '15:00:00', 'RM-234', 40, 0, 'Y'),
(662, 22, '2023-2024', 1, 6, 'Tue', '08:00:00', '16:00:00', 'RM-132', 40, 0, 'Y'),
(663, 22, '2023-2024', 2, 3, 'Wed', '14:00:00', '17:00:00', 'RM-361', 40, 0, 'Y'),
(664, 22, '2024-2025', 1, 2, 'Wed', '12:00:00', '15:00:00', 'RM-496', 40, 0, 'Y'),
(665, 22, '2024-2025', 2, 5, 'Tue', '14:00:00', '16:00:00', 'RM-107', 40, 0, 'Y'),
(666, 22, '2025-2026', 1, 4, 'Tue', '08:00:00', '17:00:00', 'RM-455', 40, 0, 'Y'),
(667, 22, '2025-2026', 2, 1, 'Wed', '13:00:00', '17:00:00', 'RM-274', 40, 0, 'Y'),
(668, 22, '2026-2027', 1, 7, 'Mon', '09:00:00', '17:00:00', 'RM-494', 40, 0, 'Y'),
(669, 22, '2026-2027', 2, 5, 'Fri', '14:00:00', '16:00:00', 'RM-182', 40, 0, 'Y'),
(670, 23, '2023-2024', 1, 6, 'Wed', '13:00:00', '17:00:00', 'RM-166', 40, 0, 'Y'),
(671, 23, '2023-2024', 2, 7, 'Fri', '14:00:00', '17:00:00', 'RM-385', 40, 0, 'Y'),
(672, 23, '2024-2025', 1, 1, 'Mon', '08:00:00', '15:00:00', 'RM-407', 40, 0, 'Y'),
(673, 23, '2024-2025', 2, 5, 'Wed', '14:00:00', '16:00:00', 'RM-383', 40, 0, 'Y'),
(674, 23, '2025-2026', 1, 2, 'Tue', '09:00:00', '16:00:00', 'RM-372', 40, 0, 'Y'),
(675, 23, '2025-2026', 2, 7, 'Tue', '12:00:00', '15:00:00', 'RM-363', 40, 0, 'Y'),
(676, 23, '2026-2027', 1, 6, 'Wed', '09:00:00', '17:00:00', 'RM-144', 40, 0, 'Y'),
(677, 23, '2026-2027', 2, 3, 'Mon', '09:00:00', '15:00:00', 'RM-142', 40, 0, 'Y'),
(678, 24, '2023-2024', 1, 5, 'Mon', '08:00:00', '16:00:00', 'RM-148', 40, 0, 'Y'),
(679, 24, '2023-2024', 2, 4, 'Mon', '12:00:00', '16:00:00', 'RM-269', 40, 0, 'Y'),
(680, 24, '2024-2025', 1, 4, 'Fri', '08:00:00', '15:00:00', 'RM-467', 40, 0, 'Y'),
(681, 24, '2024-2025', 2, 4, 'Wed', '08:00:00', '15:00:00', 'RM-355', 40, 0, 'Y'),
(682, 24, '2025-2026', 1, 6, 'Tue', '10:00:00', '15:00:00', 'RM-193', 40, 0, 'Y'),
(683, 24, '2025-2026', 2, 7, 'Wed', '13:00:00', '17:00:00', 'RM-234', 40, 0, 'Y'),
(684, 24, '2026-2027', 1, 3, 'Thu', '09:00:00', '17:00:00', 'RM-486', 40, 0, 'Y'),
(685, 24, '2026-2027', 2, 7, 'Thu', '09:00:00', '15:00:00', 'RM-280', 40, 0, 'Y'),
(686, 25, '2023-2024', 1, 4, 'Wed', '11:00:00', '15:00:00', 'RM-448', 40, 0, 'Y'),
(687, 25, '2023-2024', 2, 4, 'Wed', '13:00:00', '16:00:00', 'RM-258', 40, 0, 'Y'),
(688, 25, '2024-2025', 1, 2, 'Wed', '08:00:00', '16:00:00', 'RM-403', 40, 0, 'Y'),
(689, 25, '2024-2025', 2, 1, 'Tue', '14:00:00', '16:00:00', 'RM-359', 40, 0, 'Y'),
(690, 25, '2025-2026', 1, 1, 'Mon', '14:00:00', '17:00:00', 'RM-380', 40, 0, 'Y'),
(691, 25, '2025-2026', 2, 5, 'Wed', '14:00:00', '17:00:00', 'RM-343', 40, 0, 'Y'),
(692, 25, '2026-2027', 1, 1, 'Tue', '11:00:00', '15:00:00', 'RM-112', 40, 0, 'Y'),
(693, 25, '2026-2027', 2, 5, 'Tue', '09:00:00', '16:00:00', 'RM-133', 40, 0, 'Y'),
(694, 26, '2023-2024', 1, 1, 'Mon', '14:00:00', '16:00:00', 'RM-214', 40, 0, 'Y'),
(695, 26, '2023-2024', 2, 4, 'Thu', '11:00:00', '17:00:00', 'RM-275', 40, 0, 'Y'),
(696, 26, '2024-2025', 1, 5, 'Wed', '12:00:00', '17:00:00', 'RM-499', 40, 0, 'Y'),
(697, 26, '2024-2025', 2, 3, 'Wed', '10:00:00', '17:00:00', 'RM-456', 40, 0, 'Y'),
(698, 26, '2025-2026', 1, 4, 'Fri', '12:00:00', '17:00:00', 'RM-485', 40, 0, 'Y'),
(699, 26, '2025-2026', 2, 2, 'Thu', '13:00:00', '15:00:00', 'RM-207', 40, 0, 'Y'),
(700, 26, '2026-2027', 1, 2, 'Wed', '12:00:00', '17:00:00', 'RM-168', 40, 0, 'Y'),
(701, 26, '2026-2027', 2, 2, 'Thu', '08:00:00', '15:00:00', 'RM-361', 40, 0, 'Y'),
(702, 31, '2023-2024', 1, 7, 'Fri', '08:00:00', '17:00:00', 'RM-318', 40, 0, 'Y'),
(703, 31, '2023-2024', 2, 6, 'Mon', '12:00:00', '15:00:00', 'RM-110', 40, 0, 'Y'),
(704, 31, '2024-2025', 1, 1, 'Wed', '09:00:00', '15:00:00', 'RM-436', 40, 0, 'Y'),
(705, 31, '2024-2025', 2, 1, 'Mon', '11:00:00', '15:00:00', 'RM-443', 40, 0, 'Y'),
(706, 31, '2025-2026', 1, 3, 'Mon', '13:00:00', '17:00:00', 'RM-339', 40, 0, 'Y'),
(707, 31, '2025-2026', 2, 3, 'Mon', '11:00:00', '15:00:00', 'RM-441', 40, 0, 'Y'),
(708, 31, '2026-2027', 1, 4, 'Thu', '08:00:00', '16:00:00', 'RM-312', 40, 0, 'Y'),
(709, 31, '2026-2027', 2, 5, 'Mon', '12:00:00', '17:00:00', 'RM-391', 40, 0, 'Y'),
(710, 32, '2023-2024', 1, 4, 'Thu', '12:00:00', '15:00:00', 'RM-386', 40, 0, 'Y'),
(711, 32, '2023-2024', 2, 4, 'Thu', '10:00:00', '15:00:00', 'RM-338', 40, 0, 'Y'),
(712, 32, '2024-2025', 1, 6, 'Wed', '12:00:00', '17:00:00', 'RM-187', 40, 0, 'Y'),
(713, 32, '2024-2025', 2, 2, 'Thu', '14:00:00', '17:00:00', 'RM-445', 40, 0, 'Y'),
(714, 32, '2025-2026', 1, 2, 'Wed', '12:00:00', '17:00:00', 'RM-477', 40, 0, 'Y'),
(715, 32, '2025-2026', 2, 2, 'Tue', '10:00:00', '16:00:00', 'RM-314', 40, 0, 'Y'),
(716, 32, '2026-2027', 1, 4, 'Mon', '13:00:00', '15:00:00', 'RM-222', 40, 0, 'Y'),
(717, 32, '2026-2027', 2, 5, 'Wed', '13:00:00', '15:00:00', 'RM-431', 40, 0, 'Y'),
(718, 33, '2023-2024', 1, 2, 'Wed', '08:00:00', '16:00:00', 'RM-275', 40, 0, 'Y'),
(719, 33, '2023-2024', 2, 3, 'Thu', '11:00:00', '16:00:00', 'RM-189', 40, 0, 'Y'),
(720, 33, '2024-2025', 1, 7, 'Fri', '11:00:00', '16:00:00', 'RM-140', 40, 0, 'Y'),
(721, 33, '2024-2025', 2, 4, 'Thu', '11:00:00', '15:00:00', 'RM-486', 40, 0, 'Y'),
(722, 33, '2025-2026', 1, 6, 'Wed', '13:00:00', '16:00:00', 'RM-252', 40, 0, 'Y'),
(723, 33, '2025-2026', 2, 4, 'Tue', '12:00:00', '15:00:00', 'RM-390', 40, 0, 'Y'),
(724, 33, '2026-2027', 1, 3, 'Tue', '13:00:00', '17:00:00', 'RM-451', 40, 0, 'Y'),
(725, 33, '2026-2027', 2, 1, 'Mon', '10:00:00', '16:00:00', 'RM-475', 40, 0, 'Y'),
(726, 34, '2023-2024', 1, 3, 'Thu', '09:00:00', '15:00:00', 'RM-441', 40, 0, 'Y'),
(727, 34, '2023-2024', 2, 2, 'Thu', '11:00:00', '17:00:00', 'RM-298', 40, 0, 'Y'),
(728, 34, '2024-2025', 1, 6, 'Thu', '11:00:00', '15:00:00', 'RM-404', 40, 0, 'Y'),
(729, 34, '2024-2025', 2, 3, 'Thu', '08:00:00', '16:00:00', 'RM-266', 40, 0, 'Y'),
(730, 34, '2025-2026', 1, 2, 'Thu', '10:00:00', '17:00:00', 'RM-319', 40, 0, 'Y'),
(731, 34, '2025-2026', 2, 3, 'Thu', '11:00:00', '15:00:00', 'RM-477', 40, 0, 'Y'),
(732, 34, '2026-2027', 1, 3, 'Mon', '09:00:00', '16:00:00', 'RM-268', 40, 0, 'Y'),
(733, 34, '2026-2027', 2, 4, 'Fri', '13:00:00', '16:00:00', 'RM-451', 40, 0, 'Y'),
(734, 35, '2023-2024', 1, 5, 'Wed', '14:00:00', '16:00:00', 'RM-391', 40, 0, 'Y'),
(735, 35, '2023-2024', 2, 5, 'Fri', '08:00:00', '15:00:00', 'RM-203', 40, 0, 'Y'),
(736, 35, '2024-2025', 1, 1, 'Tue', '08:00:00', '15:00:00', 'RM-266', 40, 0, 'Y'),
(737, 35, '2024-2025', 2, 1, 'Wed', '13:00:00', '15:00:00', 'RM-281', 40, 0, 'Y'),
(738, 35, '2025-2026', 1, 4, 'Mon', '11:00:00', '16:00:00', 'RM-167', 40, 0, 'Y'),
(739, 35, '2025-2026', 2, 1, 'Fri', '12:00:00', '16:00:00', 'RM-367', 40, 0, 'Y'),
(740, 35, '2026-2027', 1, 5, 'Fri', '12:00:00', '17:00:00', 'RM-168', 40, 0, 'Y'),
(741, 35, '2026-2027', 2, 1, 'Thu', '09:00:00', '16:00:00', 'RM-107', 40, 0, 'Y'),
(742, 36, '2023-2024', 1, 5, 'Wed', '09:00:00', '15:00:00', 'RM-266', 40, 0, 'Y'),
(743, 36, '2023-2024', 2, 1, 'Fri', '10:00:00', '17:00:00', 'RM-247', 40, 0, 'Y'),
(744, 36, '2024-2025', 1, 6, 'Thu', '14:00:00', '16:00:00', 'RM-128', 40, 0, 'Y'),
(745, 36, '2024-2025', 2, 3, 'Mon', '14:00:00', '15:00:00', 'RM-456', 40, 0, 'Y'),
(746, 36, '2025-2026', 1, 3, 'Tue', '11:00:00', '17:00:00', 'RM-406', 40, 0, 'Y'),
(747, 36, '2025-2026', 2, 3, 'Thu', '13:00:00', '17:00:00', 'RM-495', 40, 0, 'Y'),
(748, 36, '2026-2027', 1, 6, 'Thu', '08:00:00', '16:00:00', 'RM-219', 40, 0, 'Y'),
(749, 36, '2026-2027', 2, 1, 'Wed', '13:00:00', '15:00:00', 'RM-425', 40, 0, 'Y'),
(750, 37, '2023-2024', 1, 1, 'Wed', '10:00:00', '17:00:00', 'RM-398', 40, 0, 'Y'),
(751, 37, '2023-2024', 2, 1, 'Tue', '09:00:00', '17:00:00', 'RM-197', 40, 0, 'Y'),
(752, 37, '2024-2025', 1, 4, 'Mon', '09:00:00', '16:00:00', 'RM-283', 40, 0, 'Y'),
(753, 37, '2024-2025', 2, 6, 'Wed', '09:00:00', '17:00:00', 'RM-356', 40, 0, 'Y'),
(754, 37, '2025-2026', 1, 5, 'Thu', '10:00:00', '15:00:00', 'RM-224', 40, 0, 'Y'),
(755, 37, '2025-2026', 2, 5, 'Mon', '09:00:00', '17:00:00', 'RM-185', 40, 0, 'Y'),
(756, 37, '2026-2027', 1, 4, 'Thu', '14:00:00', '17:00:00', 'RM-260', 40, 0, 'Y'),
(757, 37, '2026-2027', 2, 3, 'Wed', '09:00:00', '17:00:00', 'RM-226', 40, 0, 'Y'),
(758, 38, '2023-2024', 1, 7, 'Tue', '08:00:00', '16:00:00', 'RM-219', 40, 0, 'Y'),
(759, 38, '2023-2024', 2, 7, 'Tue', '14:00:00', '16:00:00', 'RM-257', 40, 0, 'Y'),
(760, 38, '2024-2025', 1, 2, 'Fri', '14:00:00', '17:00:00', 'RM-166', 40, 0, 'Y'),
(761, 38, '2024-2025', 2, 5, 'Mon', '13:00:00', '16:00:00', 'RM-241', 40, 0, 'Y'),
(762, 38, '2025-2026', 1, 5, 'Fri', '10:00:00', '16:00:00', 'RM-337', 40, 0, 'Y'),
(763, 38, '2025-2026', 2, 7, 'Fri', '09:00:00', '17:00:00', 'RM-317', 40, 0, 'Y'),
(764, 38, '2026-2027', 1, 5, 'Tue', '08:00:00', '15:00:00', 'RM-344', 40, 0, 'Y'),
(765, 38, '2026-2027', 2, 3, 'Fri', '08:00:00', '16:00:00', 'RM-212', 40, 0, 'Y'),
(766, 39, '2023-2024', 1, 2, 'Tue', '11:00:00', '15:00:00', 'RM-175', 40, 0, 'Y'),
(767, 39, '2023-2024', 2, 2, 'Wed', '14:00:00', '16:00:00', 'RM-142', 40, 0, 'Y'),
(768, 39, '2024-2025', 1, 2, 'Tue', '10:00:00', '16:00:00', 'RM-249', 40, 0, 'Y'),
(769, 39, '2024-2025', 2, 7, 'Fri', '09:00:00', '16:00:00', 'RM-203', 40, 0, 'Y'),
(770, 39, '2025-2026', 1, 7, 'Mon', '11:00:00', '15:00:00', 'RM-143', 40, 0, 'Y'),
(771, 39, '2025-2026', 2, 4, 'Tue', '11:00:00', '17:00:00', 'RM-458', 40, 0, 'Y'),
(772, 39, '2026-2027', 1, 4, 'Thu', '11:00:00', '17:00:00', 'RM-394', 40, 0, 'Y'),
(773, 39, '2026-2027', 2, 2, 'Tue', '13:00:00', '17:00:00', 'RM-123', 40, 0, 'Y'),
(774, 40, '2023-2024', 1, 3, 'Thu', '11:00:00', '16:00:00', 'RM-498', 40, 0, 'Y'),
(775, 40, '2023-2024', 2, 1, 'Thu', '13:00:00', '16:00:00', 'RM-191', 40, 0, 'Y'),
(776, 40, '2024-2025', 1, 6, 'Fri', '08:00:00', '15:00:00', 'RM-489', 40, 0, 'Y'),
(777, 40, '2024-2025', 2, 2, 'Fri', '12:00:00', '15:00:00', 'RM-360', 40, 0, 'Y'),
(778, 40, '2025-2026', 1, 7, 'Wed', '14:00:00', '17:00:00', 'RM-231', 40, 0, 'Y'),
(779, 40, '2025-2026', 2, 1, 'Fri', '11:00:00', '15:00:00', 'RM-172', 40, 0, 'Y'),
(780, 40, '2026-2027', 1, 6, 'Wed', '13:00:00', '16:00:00', 'RM-237', 40, 0, 'Y'),
(781, 40, '2026-2027', 2, 7, 'Thu', '13:00:00', '15:00:00', 'RM-403', 40, 0, 'Y'),
(782, 41, '2023-2024', 1, 1, 'Wed', '10:00:00', '17:00:00', 'RM-447', 40, 0, 'Y'),
(783, 41, '2023-2024', 2, 4, 'Wed', '11:00:00', '17:00:00', 'RM-100', 40, 0, 'Y'),
(784, 41, '2024-2025', 1, 6, 'Mon', '11:00:00', '17:00:00', 'RM-206', 40, 0, 'Y'),
(785, 41, '2024-2025', 2, 6, 'Tue', '08:00:00', '15:00:00', 'RM-122', 40, 0, 'Y'),
(786, 41, '2025-2026', 1, 3, 'Wed', '12:00:00', '17:00:00', 'RM-383', 40, 0, 'Y'),
(787, 41, '2025-2026', 2, 1, 'Wed', '14:00:00', '15:00:00', 'RM-343', 40, 0, 'Y'),
(788, 41, '2026-2027', 1, 4, 'Fri', '14:00:00', '16:00:00', 'RM-336', 40, 0, 'Y'),
(789, 41, '2026-2027', 2, 1, 'Tue', '14:00:00', '17:00:00', 'RM-347', 40, 0, 'Y'),
(790, 46, '2023-2024', 1, 1, 'Wed', '12:00:00', '15:00:00', 'RM-261', 40, 0, 'Y'),
(791, 46, '2023-2024', 2, 7, 'Mon', '14:00:00', '17:00:00', 'RM-172', 40, 0, 'Y'),
(792, 46, '2024-2025', 1, 5, 'Fri', '11:00:00', '15:00:00', 'RM-351', 40, 0, 'Y'),
(793, 46, '2024-2025', 2, 7, 'Fri', '11:00:00', '17:00:00', 'RM-366', 40, 0, 'Y'),
(794, 46, '2025-2026', 1, 2, 'Wed', '10:00:00', '15:00:00', 'RM-327', 40, 0, 'Y'),
(795, 46, '2025-2026', 2, 6, 'Mon', '11:00:00', '15:00:00', 'RM-356', 40, 0, 'Y'),
(796, 46, '2026-2027', 1, 4, 'Tue', '11:00:00', '17:00:00', 'RM-490', 40, 0, 'Y'),
(797, 46, '2026-2027', 2, 7, 'Wed', '14:00:00', '15:00:00', 'RM-361', 40, 0, 'Y'),
(798, 47, '2023-2024', 1, 6, 'Fri', '08:00:00', '15:00:00', 'RM-177', 40, 0, 'Y'),
(799, 47, '2023-2024', 2, 4, 'Fri', '09:00:00', '16:00:00', 'RM-487', 40, 0, 'Y'),
(800, 47, '2024-2025', 1, 7, 'Tue', '14:00:00', '17:00:00', 'RM-110', 40, 0, 'Y'),
(801, 47, '2024-2025', 2, 6, 'Tue', '08:00:00', '16:00:00', 'RM-279', 40, 0, 'Y'),
(802, 47, '2025-2026', 1, 5, 'Mon', '12:00:00', '15:00:00', 'RM-400', 40, 0, 'Y'),
(803, 47, '2025-2026', 2, 1, 'Wed', '11:00:00', '17:00:00', 'RM-481', 40, 0, 'Y'),
(804, 47, '2026-2027', 1, 4, 'Mon', '10:00:00', '16:00:00', 'RM-444', 40, 0, 'Y'),
(805, 47, '2026-2027', 2, 5, 'Tue', '10:00:00', '15:00:00', 'RM-287', 40, 0, 'Y'),
(806, 48, '2023-2024', 1, 2, 'Tue', '10:00:00', '16:00:00', 'RM-482', 40, 0, 'Y'),
(807, 48, '2023-2024', 2, 5, 'Tue', '10:00:00', '16:00:00', 'RM-495', 40, 0, 'Y'),
(808, 48, '2024-2025', 1, 5, 'Tue', '09:00:00', '17:00:00', 'RM-163', 40, 0, 'Y'),
(809, 48, '2024-2025', 2, 1, 'Wed', '09:00:00', '15:00:00', 'RM-265', 40, 0, 'Y'),
(810, 48, '2025-2026', 1, 6, 'Tue', '14:00:00', '16:00:00', 'RM-405', 40, 0, 'Y'),
(811, 48, '2025-2026', 2, 4, 'Mon', '13:00:00', '15:00:00', 'RM-113', 40, 0, 'Y'),
(812, 48, '2026-2027', 1, 6, 'Fri', '10:00:00', '17:00:00', 'RM-436', 40, 0, 'Y'),
(813, 48, '2026-2027', 2, 4, 'Fri', '08:00:00', '15:00:00', 'RM-189', 40, 0, 'Y'),
(814, 49, '2023-2024', 1, 2, 'Tue', '13:00:00', '15:00:00', 'RM-169', 40, 0, 'Y'),
(815, 49, '2023-2024', 2, 3, 'Thu', '09:00:00', '16:00:00', 'RM-220', 40, 0, 'Y'),
(816, 49, '2024-2025', 1, 3, 'Tue', '08:00:00', '16:00:00', 'RM-390', 40, 0, 'Y'),
(817, 49, '2024-2025', 2, 6, 'Wed', '11:00:00', '15:00:00', 'RM-345', 40, 0, 'Y'),
(818, 49, '2025-2026', 1, 2, 'Thu', '09:00:00', '16:00:00', 'RM-482', 40, 0, 'Y'),
(819, 49, '2025-2026', 2, 4, 'Tue', '08:00:00', '17:00:00', 'RM-406', 40, 0, 'Y'),
(820, 49, '2026-2027', 1, 2, 'Tue', '11:00:00', '17:00:00', 'RM-107', 40, 0, 'Y'),
(821, 49, '2026-2027', 2, 5, 'Tue', '12:00:00', '17:00:00', 'RM-154', 40, 0, 'Y'),
(822, 50, '2023-2024', 1, 1, 'Mon', '12:00:00', '17:00:00', 'RM-309', 40, 0, 'Y'),
(823, 50, '2023-2024', 2, 2, 'Tue', '13:00:00', '16:00:00', 'RM-245', 40, 0, 'Y'),
(824, 50, '2024-2025', 1, 4, 'Mon', '14:00:00', '17:00:00', 'RM-269', 40, 0, 'Y'),
(825, 50, '2024-2025', 2, 5, 'Mon', '11:00:00', '15:00:00', 'RM-455', 40, 0, 'Y'),
(826, 50, '2025-2026', 1, 3, 'Tue', '11:00:00', '17:00:00', 'RM-318', 40, 0, 'Y'),
(827, 50, '2025-2026', 2, 2, 'Fri', '08:00:00', '15:00:00', 'RM-358', 40, 0, 'Y'),
(828, 50, '2026-2027', 1, 6, 'Thu', '11:00:00', '15:00:00', 'RM-340', 40, 0, 'Y'),
(829, 50, '2026-2027', 2, 1, 'Thu', '10:00:00', '16:00:00', 'RM-129', 40, 0, 'Y'),
(830, 51, '2023-2024', 1, 5, 'Thu', '13:00:00', '17:00:00', 'RM-479', 40, 0, 'Y'),
(831, 51, '2023-2024', 2, 1, 'Mon', '10:00:00', '17:00:00', 'RM-224', 40, 0, 'Y'),
(832, 51, '2024-2025', 1, 1, 'Mon', '14:00:00', '17:00:00', 'RM-132', 40, 0, 'Y'),
(833, 51, '2024-2025', 2, 7, 'Fri', '13:00:00', '16:00:00', 'RM-103', 40, 0, 'Y'),
(834, 51, '2025-2026', 1, 1, 'Fri', '10:00:00', '16:00:00', 'RM-110', 40, 0, 'Y'),
(835, 51, '2025-2026', 2, 1, 'Fri', '08:00:00', '15:00:00', 'RM-287', 40, 0, 'Y'),
(836, 51, '2026-2027', 1, 3, 'Thu', '12:00:00', '16:00:00', 'RM-146', 40, 0, 'Y'),
(837, 51, '2026-2027', 2, 6, 'Mon', '11:00:00', '17:00:00', 'RM-116', 40, 0, 'Y'),
(838, 52, '2023-2024', 1, 7, 'Wed', '14:00:00', '16:00:00', 'RM-151', 40, 0, 'Y'),
(839, 52, '2023-2024', 2, 7, 'Wed', '10:00:00', '15:00:00', 'RM-102', 40, 0, 'Y'),
(840, 52, '2024-2025', 1, 7, 'Thu', '11:00:00', '16:00:00', 'RM-196', 40, 0, 'Y'),
(841, 52, '2024-2025', 2, 4, 'Mon', '14:00:00', '15:00:00', 'RM-178', 40, 0, 'Y'),
(842, 52, '2025-2026', 1, 7, 'Thu', '12:00:00', '16:00:00', 'RM-165', 40, 0, 'Y'),
(843, 52, '2025-2026', 2, 3, 'Mon', '08:00:00', '16:00:00', 'RM-210', 40, 0, 'Y'),
(844, 52, '2026-2027', 1, 5, 'Wed', '14:00:00', '17:00:00', 'RM-146', 40, 0, 'Y'),
(845, 52, '2026-2027', 2, 2, 'Mon', '13:00:00', '17:00:00', 'RM-200', 40, 0, 'Y'),
(846, 53, '2023-2024', 1, 2, 'Wed', '08:00:00', '17:00:00', 'RM-191', 40, 0, 'Y'),
(847, 53, '2023-2024', 2, 5, 'Mon', '14:00:00', '16:00:00', 'RM-277', 40, 0, 'Y'),
(848, 53, '2024-2025', 1, 7, 'Thu', '10:00:00', '16:00:00', 'RM-111', 40, 0, 'Y'),
(849, 53, '2024-2025', 2, 5, 'Tue', '13:00:00', '16:00:00', 'RM-476', 40, 0, 'Y'),
(850, 53, '2025-2026', 1, 1, 'Mon', '09:00:00', '15:00:00', 'RM-448', 40, 0, 'Y'),
(851, 53, '2025-2026', 2, 3, 'Thu', '10:00:00', '17:00:00', 'RM-324', 40, 0, 'Y'),
(852, 53, '2026-2027', 1, 4, 'Thu', '09:00:00', '15:00:00', 'RM-119', 40, 0, 'Y'),
(853, 53, '2026-2027', 2, 1, 'Thu', '11:00:00', '17:00:00', 'RM-362', 40, 0, 'Y'),
(854, 54, '2023-2024', 1, 6, 'Mon', '12:00:00', '16:00:00', 'RM-352', 40, 0, 'Y'),
(855, 54, '2023-2024', 2, 7, 'Tue', '12:00:00', '15:00:00', 'RM-491', 40, 0, 'Y'),
(856, 54, '2024-2025', 1, 6, 'Tue', '11:00:00', '16:00:00', 'RM-177', 40, 0, 'Y'),
(857, 54, '2024-2025', 2, 1, 'Fri', '10:00:00', '16:00:00', 'RM-116', 40, 0, 'Y'),
(858, 54, '2025-2026', 1, 4, 'Fri', '12:00:00', '17:00:00', 'RM-179', 40, 0, 'Y'),
(859, 54, '2025-2026', 2, 3, 'Fri', '14:00:00', '17:00:00', 'RM-103', 40, 0, 'Y'),
(860, 54, '2026-2027', 1, 3, 'Thu', '10:00:00', '15:00:00', 'RM-124', 40, 0, 'Y'),
(861, 54, '2026-2027', 2, 4, 'Fri', '08:00:00', '16:00:00', 'RM-209', 40, 0, 'Y'),
(862, 61, '2023-2024', 1, 5, 'Tue', '11:00:00', '15:00:00', 'RM-121', 40, 0, 'Y'),
(863, 61, '2023-2024', 2, 6, 'Tue', '14:00:00', '16:00:00', 'RM-288', 40, 0, 'Y'),
(864, 61, '2024-2025', 1, 4, 'Mon', '09:00:00', '15:00:00', 'RM-327', 40, 0, 'Y'),
(865, 61, '2024-2025', 2, 3, 'Mon', '12:00:00', '16:00:00', 'RM-382', 40, 0, 'Y'),
(866, 61, '2025-2026', 1, 2, 'Tue', '09:00:00', '17:00:00', 'RM-354', 40, 0, 'Y'),
(867, 61, '2025-2026', 2, 1, 'Fri', '12:00:00', '15:00:00', 'RM-331', 40, 0, 'Y'),
(868, 61, '2026-2027', 1, 5, 'Fri', '09:00:00', '17:00:00', 'RM-245', 40, 0, 'Y'),
(869, 61, '2026-2027', 2, 7, 'Tue', '09:00:00', '15:00:00', 'RM-316', 40, 0, 'Y'),
(870, 62, '2023-2024', 1, 7, 'Fri', '09:00:00', '17:00:00', 'RM-199', 40, 0, 'Y'),
(871, 62, '2023-2024', 2, 5, 'Fri', '10:00:00', '16:00:00', 'RM-104', 40, 0, 'Y'),
(872, 62, '2024-2025', 1, 7, 'Mon', '13:00:00', '17:00:00', 'RM-347', 40, 0, 'Y'),
(873, 62, '2024-2025', 2, 2, 'Tue', '09:00:00', '15:00:00', 'RM-444', 40, 0, 'Y'),
(874, 62, '2025-2026', 1, 7, 'Thu', '11:00:00', '16:00:00', 'RM-485', 40, 0, 'Y'),
(875, 62, '2025-2026', 2, 4, 'Fri', '12:00:00', '15:00:00', 'RM-414', 40, 0, 'Y'),
(876, 62, '2026-2027', 1, 4, 'Mon', '09:00:00', '17:00:00', 'RM-445', 40, 0, 'Y'),
(877, 62, '2026-2027', 2, 5, 'Thu', '08:00:00', '15:00:00', 'RM-273', 40, 0, 'Y'),
(878, 63, '2023-2024', 1, 6, 'Mon', '09:00:00', '16:00:00', 'RM-114', 40, 0, 'Y'),
(879, 63, '2023-2024', 2, 5, 'Thu', '12:00:00', '17:00:00', 'RM-105', 40, 0, 'Y'),
(880, 63, '2024-2025', 1, 3, 'Thu', '14:00:00', '17:00:00', 'RM-256', 40, 0, 'Y'),
(881, 63, '2024-2025', 2, 4, 'Tue', '13:00:00', '17:00:00', 'RM-443', 40, 0, 'Y'),
(882, 63, '2025-2026', 1, 6, 'Fri', '10:00:00', '17:00:00', 'RM-286', 40, 0, 'Y'),
(883, 63, '2025-2026', 2, 3, 'Wed', '09:00:00', '17:00:00', 'RM-307', 40, 0, 'Y'),
(884, 63, '2026-2027', 1, 7, 'Fri', '12:00:00', '15:00:00', 'RM-100', 40, 0, 'Y'),
(885, 63, '2026-2027', 2, 5, 'Thu', '08:00:00', '16:00:00', 'RM-186', 40, 0, 'Y'),
(886, 64, '2023-2024', 1, 2, 'Wed', '08:00:00', '15:00:00', 'RM-480', 40, 0, 'Y'),
(887, 64, '2023-2024', 2, 2, 'Thu', '12:00:00', '15:00:00', 'RM-138', 40, 0, 'Y'),
(888, 64, '2024-2025', 1, 5, 'Tue', '08:00:00', '17:00:00', 'RM-474', 40, 0, 'Y'),
(889, 64, '2024-2025', 2, 4, 'Fri', '09:00:00', '16:00:00', 'RM-305', 40, 0, 'Y'),
(890, 64, '2025-2026', 1, 7, 'Tue', '12:00:00', '17:00:00', 'RM-477', 40, 0, 'Y'),
(891, 64, '2025-2026', 2, 2, 'Tue', '10:00:00', '16:00:00', 'RM-350', 40, 0, 'Y'),
(892, 64, '2026-2027', 1, 3, 'Fri', '11:00:00', '17:00:00', 'RM-391', 40, 0, 'Y'),
(893, 64, '2026-2027', 2, 5, 'Thu', '09:00:00', '16:00:00', 'RM-110', 40, 0, 'Y'),
(894, 65, '2023-2024', 1, 1, 'Fri', '13:00:00', '15:00:00', 'RM-404', 40, 0, 'Y'),
(895, 65, '2023-2024', 2, 1, 'Tue', '13:00:00', '17:00:00', 'RM-350', 40, 0, 'Y'),
(896, 65, '2024-2025', 1, 6, 'Wed', '08:00:00', '17:00:00', 'RM-445', 40, 0, 'Y'),
(897, 65, '2024-2025', 2, 3, 'Fri', '08:00:00', '15:00:00', 'RM-421', 40, 0, 'Y'),
(898, 65, '2025-2026', 1, 4, 'Tue', '13:00:00', '15:00:00', 'RM-193', 40, 0, 'Y'),
(899, 65, '2025-2026', 2, 4, 'Mon', '09:00:00', '16:00:00', 'RM-415', 40, 0, 'Y'),
(900, 65, '2026-2027', 1, 2, 'Tue', '10:00:00', '17:00:00', 'RM-456', 40, 0, 'Y'),
(901, 65, '2026-2027', 2, 4, 'Thu', '12:00:00', '16:00:00', 'RM-499', 40, 0, 'Y'),
(902, 66, '2023-2024', 1, 3, 'Wed', '08:00:00', '17:00:00', 'RM-295', 40, 0, 'Y'),
(903, 66, '2023-2024', 2, 7, 'Thu', '14:00:00', '16:00:00', 'RM-292', 40, 0, 'Y'),
(904, 66, '2024-2025', 1, 3, 'Thu', '08:00:00', '16:00:00', 'RM-443', 40, 0, 'Y'),
(905, 66, '2024-2025', 2, 7, 'Fri', '08:00:00', '15:00:00', 'RM-411', 40, 0, 'Y'),
(906, 66, '2025-2026', 1, 6, 'Fri', '11:00:00', '16:00:00', 'RM-375', 40, 0, 'Y'),
(907, 66, '2025-2026', 2, 6, 'Mon', '13:00:00', '16:00:00', 'RM-469', 40, 0, 'Y'),
(908, 66, '2026-2027', 1, 3, 'Thu', '11:00:00', '16:00:00', 'RM-346', 40, 0, 'Y'),
(909, 66, '2026-2027', 2, 4, 'Thu', '11:00:00', '17:00:00', 'RM-104', 40, 0, 'Y'),
(910, 67, '2023-2024', 1, 3, 'Wed', '10:00:00', '16:00:00', 'RM-314', 40, 0, 'Y'),
(911, 67, '2023-2024', 2, 7, 'Tue', '12:00:00', '16:00:00', 'RM-336', 40, 0, 'Y'),
(912, 67, '2024-2025', 1, 3, 'Thu', '13:00:00', '15:00:00', 'RM-417', 40, 0, 'Y'),
(913, 67, '2024-2025', 2, 5, 'Thu', '14:00:00', '17:00:00', 'RM-296', 40, 0, 'Y'),
(914, 67, '2025-2026', 1, 6, 'Fri', '11:00:00', '15:00:00', 'RM-375', 40, 0, 'Y'),
(915, 67, '2025-2026', 2, 1, 'Mon', '10:00:00', '15:00:00', 'RM-256', 40, 0, 'Y'),
(916, 67, '2026-2027', 1, 7, 'Thu', '14:00:00', '15:00:00', 'RM-139', 40, 0, 'Y'),
(917, 67, '2026-2027', 2, 7, 'Thu', '13:00:00', '15:00:00', 'RM-186', 40, 0, 'Y'),
(918, 68, '2023-2024', 1, 4, 'Mon', '10:00:00', '16:00:00', 'RM-129', 40, 0, 'Y'),
(919, 68, '2023-2024', 2, 1, 'Wed', '13:00:00', '17:00:00', 'RM-228', 40, 0, 'Y'),
(920, 68, '2024-2025', 1, 2, 'Tue', '08:00:00', '17:00:00', 'RM-131', 40, 0, 'Y'),
(921, 68, '2024-2025', 2, 6, 'Mon', '13:00:00', '16:00:00', 'RM-472', 40, 0, 'Y'),
(922, 68, '2025-2026', 1, 7, 'Thu', '09:00:00', '16:00:00', 'RM-250', 40, 0, 'Y'),
(923, 68, '2025-2026', 2, 5, 'Thu', '13:00:00', '16:00:00', 'RM-485', 40, 0, 'Y'),
(924, 68, '2026-2027', 1, 6, 'Tue', '09:00:00', '17:00:00', 'RM-368', 40, 0, 'Y'),
(925, 68, '2026-2027', 2, 2, 'Fri', '13:00:00', '15:00:00', 'RM-279', 40, 0, 'Y'),
(926, 69, '2023-2024', 1, 7, 'Thu', '12:00:00', '15:00:00', 'RM-301', 40, 0, 'Y'),
(927, 69, '2023-2024', 2, 4, 'Wed', '09:00:00', '15:00:00', 'RM-342', 40, 0, 'Y'),
(928, 69, '2024-2025', 1, 1, 'Wed', '12:00:00', '16:00:00', 'RM-216', 40, 0, 'Y'),
(929, 69, '2024-2025', 2, 1, 'Fri', '11:00:00', '17:00:00', 'RM-291', 40, 0, 'Y'),
(930, 69, '2025-2026', 1, 3, 'Mon', '11:00:00', '15:00:00', 'RM-202', 40, 0, 'Y'),
(931, 69, '2025-2026', 2, 5, 'Mon', '08:00:00', '16:00:00', 'RM-210', 40, 0, 'Y'),
(932, 69, '2026-2027', 1, 6, 'Thu', '13:00:00', '17:00:00', 'RM-307', 40, 0, 'Y'),
(933, 69, '2026-2027', 2, 7, 'Fri', '14:00:00', '15:00:00', 'RM-492', 40, 0, 'Y'),
(934, 70, '2023-2024', 1, 2, 'Fri', '13:00:00', '16:00:00', 'RM-159', 40, 0, 'Y'),
(935, 70, '2023-2024', 2, 6, 'Wed', '14:00:00', '16:00:00', 'RM-105', 40, 0, 'Y'),
(936, 70, '2024-2025', 1, 5, 'Wed', '09:00:00', '17:00:00', 'RM-138', 40, 0, 'Y'),
(937, 70, '2024-2025', 2, 6, 'Mon', '09:00:00', '17:00:00', 'RM-296', 40, 0, 'Y'),
(938, 70, '2025-2026', 1, 1, 'Mon', '14:00:00', '16:00:00', 'RM-207', 40, 0, 'Y'),
(939, 70, '2025-2026', 2, 3, 'Thu', '09:00:00', '17:00:00', 'RM-146', 40, 0, 'Y'),
(940, 70, '2026-2027', 1, 5, 'Tue', '09:00:00', '17:00:00', 'RM-369', 40, 0, 'Y'),
(941, 70, '2026-2027', 2, 1, 'Wed', '12:00:00', '15:00:00', 'RM-317', 40, 0, 'Y'),
(942, 71, '2023-2024', 1, 3, 'Thu', '10:00:00', '16:00:00', 'RM-375', 40, 0, 'Y'),
(943, 71, '2023-2024', 2, 2, 'Mon', '13:00:00', '17:00:00', 'RM-187', 40, 0, 'Y'),
(944, 71, '2024-2025', 1, 3, 'Fri', '12:00:00', '17:00:00', 'RM-250', 40, 0, 'Y'),
(945, 71, '2024-2025', 2, 6, 'Fri', '12:00:00', '17:00:00', 'RM-206', 40, 0, 'Y'),
(946, 71, '2025-2026', 1, 3, 'Fri', '09:00:00', '15:00:00', 'RM-434', 40, 0, 'Y'),
(947, 71, '2025-2026', 2, 2, 'Mon', '10:00:00', '15:00:00', 'RM-111', 40, 0, 'Y'),
(948, 71, '2026-2027', 1, 4, 'Mon', '13:00:00', '17:00:00', 'RM-437', 40, 0, 'Y'),
(949, 71, '2026-2027', 2, 4, 'Tue', '09:00:00', '17:00:00', 'RM-360', 40, 0, 'Y'),
(950, 1, '2025-2026', 3, NULL, 'TBA', '08:00:00', '11:00:00', 'TBA', 40, 2, 'X'),
(951, 2, '2025-2026', 3, NULL, 'TBA', '08:00:00', '11:00:00', 'TBA', 40, 2, 'X'),
(952, 3, '2025-2026', 3, NULL, 'TBA', '08:00:00', '11:00:00', 'TBA', 40, 2, 'X'),
(953, 5, '2025-2026', 3, NULL, 'TBA', '08:00:00', '11:00:00', 'TBA', 40, 4, 'X'),
(954, 6, '2025-2026', 3, NULL, 'TBA', '08:00:00', '11:00:00', 'TBA', 40, 2, 'X'),
(955, 8, '2025-2026', 3, NULL, 'TBA', '08:00:00', '11:00:00', 'TBA', 40, 2, 'X'),
(956, 31, '2025-2026', 3, NULL, 'TBA', '08:00:00', '11:00:00', 'TBA', 40, 1, 'X'),
(957, 33, '2025-2026', 3, NULL, 'TBA', '08:00:00', '11:00:00', 'TBA', 40, 3, 'X'),
(958, 35, '2025-2026', 3, NULL, 'TBA', '08:00:00', '11:00:00', 'TBA', 40, 1, 'X'),
(959, 36, '2025-2026', 3, NULL, 'TBA', '08:00:00', '11:00:00', 'TBA', 40, 1, 'X'),
(960, 38, '2025-2026', 3, NULL, 'TBA', '08:00:00', '11:00:00', 'TBA', 40, 1, 'X'),
(961, 39, '2025-2026', 3, NULL, 'TBA', '08:00:00', '11:00:00', 'TBA', 40, 1, 'X'),
(962, 40, '2025-2026', 3, NULL, 'TBA', '08:00:00', '11:00:00', 'TBA', 40, 1, 'X'),
(963, 11, '2025-2026', 3, NULL, 'TBA', '08:00:00', '11:00:00', 'TBA', 40, 1, 'X'),
(964, 14, '2025-2026', 3, NULL, 'TBA', '08:00:00', '11:00:00', 'TBA', 40, 1, 'X'),
(965, 15, '2025-2026', 3, NULL, 'TBA', '08:00:00', '11:00:00', 'TBA', 40, 1, 'X'),
(966, 17, '2025-2026', 3, NULL, 'TBA', '08:00:00', '11:00:00', 'TBA', 40, 1, 'X'),
(967, 18, '2025-2026', 3, NULL, 'TBA', '08:00:00', '11:00:00', 'TBA', 40, 1, 'X'),
(968, 19, '2025-2026', 3, NULL, 'TBA', '08:00:00', '11:00:00', 'TBA', 40, 1, 'X'),
(969, 16, '2025-2026', 3, NULL, 'TBA', '08:00:00', '11:00:00', 'TBA', 40, 0, 'X'),
(970, 21, '2025-2026', 3, NULL, 'TBA', '08:00:00', '11:00:00', 'TBA', 40, 0, 'X'),
(971, 22, '2025-2026', 3, NULL, 'TBA', '08:00:00', '11:00:00', 'TBA', 40, 0, 'X'),
(972, 23, '2025-2026', 3, NULL, 'TBA', '08:00:00', '11:00:00', 'TBA', 40, 0, 'X'),
(973, 25, '2025-2026', 3, NULL, 'TBA', '08:00:00', '11:00:00', 'TBA', 40, 0, 'X'),
(974, 26, '2025-2026', 3, NULL, 'TBA', '08:00:00', '11:00:00', 'TBA', 40, 0, 'X');

-- --------------------------------------------------------

--
-- Table structure for table `semesters`
--

CREATE TABLE `semesters` (
  `semester_id` int(11) NOT NULL,
  `semester_name` varchar(50) NOT NULL
) ENGINE=InnoDB DEFAULT CHARSET=latin1 COLLATE=latin1_swedish_ci;

--
-- Dumping data for table `semesters`
--

INSERT INTO `semesters` (`semester_id`, `semester_name`) VALUES
(1, '1st Semester'),
(2, '2nd Semester'),
(3, 'Summer');

-- --------------------------------------------------------

--
-- Table structure for table `students`
--

CREATE TABLE `students` (
  `student_id` varchar(50) NOT NULL,
  `first_name` varchar(100) NOT NULL,
  `last_name` varchar(100) NOT NULL,
  `gender` enum('Male','Female','Other') DEFAULT NULL,
  `birthdate` date DEFAULT NULL,
  `contact_number` varchar(20) DEFAULT NULL,
  `email` varchar(100) DEFAULT NULL,
  `program_id` int(11) DEFAULT NULL,
  `year_level_id` int(11) DEFAULT 1,
  `status` enum('Regular','Irregular','Alumni','Dropped') DEFAULT 'Regular',
  `section` varchar(10) DEFAULT 'X'
) ENGINE=InnoDB DEFAULT CHARSET=latin1 COLLATE=latin1_swedish_ci;

--
-- Dumping data for table `students`
--

INSERT INTO `students` (`student_id`, `first_name`, `last_name`, `gender`, `birthdate`, `contact_number`, `email`, `program_id`, `year_level_id`, `status`, `section`) VALUES
('UAA-2022-0001', 'Naruto', 'Uzumaki_25', 'Female', NULL, NULL, NULL, 1, 4, 'Regular', 'Y'),
('UAA-2022-0002', 'Mikasa', 'Ackerman_25', 'Male', NULL, NULL, NULL, 2, 4, 'Regular', 'X'),
('UAA-2022-0003', 'Eren', 'Yeager_25', 'Female', NULL, NULL, NULL, 3, 4, 'Regular', 'X'),
('UAA-2022-0004', 'Luffy', 'Monkey D._25', 'Male', NULL, NULL, NULL, 4, 4, 'Regular', 'X'),
('UAA-2022-0005', 'Satoru', 'Gojo_25', 'Female', NULL, NULL, NULL, 5, 4, 'Regular', 'X'),
('UAA-2023-0001', 'Tanjiro', 'Kamado_25', 'Male', NULL, NULL, NULL, 1, 3, 'Regular', 'X'),
('UAA-2023-0002', 'Ichigo', 'Kurosaki_25', 'Female', NULL, NULL, NULL, 2, 3, 'Regular', 'Y'),
('UAA-2023-0003', 'Izuku', 'Midoriya_25', 'Male', NULL, NULL, NULL, 3, 3, 'Regular', 'X'),
('UAA-2023-0004', 'Sakura', 'Haruno_25', 'Female', NULL, NULL, NULL, 4, 3, 'Regular', 'X'),
('UAA-2023-0005', 'Lelouch', 'Lamperouge_25', 'Male', NULL, NULL, NULL, 5, 3, 'Regular', 'Y'),
('UAA-2024-0001', 'Conan', 'Edogawa_25', 'Female', NULL, NULL, NULL, 1, 2, 'Regular', 'Y'),
('UAA-2024-0002', 'Senku', 'Ishigami_25', 'Male', NULL, NULL, NULL, 2, 2, 'Regular', 'Y'),
('UAA-2024-0003', 'Light', 'Yagami_25', 'Female', NULL, NULL, NULL, 3, 2, 'Regular', 'Y'),
('UAA-2024-0004', 'Yusuke', 'Urameshi_25', 'Male', NULL, NULL, NULL, 4, 2, 'Regular', 'Y'),
('UAA-2024-0005', 'Natsu', 'Dragneel_25', 'Female', NULL, NULL, NULL, 5, 2, 'Regular', 'X'),
('UAA-2025-0001', 'Kyojuro', 'Rengoku_25', 'Male', NULL, NULL, NULL, 1, 1, 'Regular', 'X'),
('UAA-2025-0002', 'Kusuo', 'Saiki_25', 'Female', NULL, NULL, NULL, 2, 1, 'Regular', 'Y'),
('UAA-2025-0003', 'Gintoki', 'Sakata_25', 'Male', NULL, NULL, NULL, 3, 1, 'Regular', 'Y'),
('UAA-2025-0004', 'Spike', 'Spiegel_25', 'Female', NULL, NULL, NULL, 4, 1, 'Regular', 'Y'),
('UAA-2025-0005', 'Shoto', 'Todoroki_25', 'Male', NULL, NULL, NULL, 5, 1, 'Regular', 'X');

-- --------------------------------------------------------

--
-- Table structure for table `teachers`
--

CREATE TABLE `teachers` (
  `teacher_id` int(11) NOT NULL,
  `first_name` varchar(100) NOT NULL,
  `last_name` varchar(100) NOT NULL
) ENGINE=InnoDB DEFAULT CHARSET=latin1 COLLATE=latin1_swedish_ci;

--
-- Dumping data for table `teachers`
--

INSERT INTO `teachers` (`teacher_id`, `first_name`, `last_name`) VALUES
(1, 'Alan', 'Turing'),
(2, 'Ada', 'Lovelace'),
(3, 'Florence', 'Nightingale'),
(4, 'Luca', 'Pacioli'),
(5, 'Isambard', 'Brunel'),
(6, 'Grace', 'Hopper'),
(7, 'Jose', 'Rizal');

-- --------------------------------------------------------

--
-- Table structure for table `year_levels`
--

CREATE TABLE `year_levels` (
  `year_level_id` int(11) NOT NULL,
  `year_level_name` varchar(50) NOT NULL
) ENGINE=InnoDB DEFAULT CHARSET=latin1 COLLATE=latin1_swedish_ci;

--
-- Dumping data for table `year_levels`
--

INSERT INTO `year_levels` (`year_level_id`, `year_level_name`) VALUES
(1, '1st Year'),
(2, '2nd Year'),
(3, '3rd Year'),
(4, '4th Year');

--
-- Indexes for dumped tables
--

--
-- Indexes for table `courses`
--
ALTER TABLE `courses`
  ADD PRIMARY KEY (`course_id`),
  ADD UNIQUE KEY `course_code` (`course_code`),
  ADD KEY `prerequisite_course_id` (`prerequisite_course_id`);

--
-- Indexes for table `curriculum`
--
ALTER TABLE `curriculum`
  ADD PRIMARY KEY (`curriculum_id`),
  ADD KEY `program_id` (`program_id`),
  ADD KEY `course_id` (`course_id`);

--
-- Indexes for table `enrollments`
--
ALTER TABLE `enrollments`
  ADD PRIMARY KEY (`enrollment_id`),
  ADD KEY `student_id` (`student_id`);

--
-- Indexes for table `enrollment_schedules`
--
ALTER TABLE `enrollment_schedules`
  ADD PRIMARY KEY (`id`),
  ADD KEY `enrollment_id` (`enrollment_id`),
  ADD KEY `schedule_id` (`schedule_id`);

--
-- Indexes for table `payments`
--
ALTER TABLE `payments`
  ADD PRIMARY KEY (`payment_id`),
  ADD KEY `student_id` (`student_id`),
  ADD KEY `enrollment_id` (`enrollment_id`);

--
-- Indexes for table `programs`
--
ALTER TABLE `programs`
  ADD PRIMARY KEY (`program_id`),
  ADD UNIQUE KEY `program_code` (`program_code`);

--
-- Indexes for table `schedules`
--
ALTER TABLE `schedules`
  ADD PRIMARY KEY (`schedule_id`),
  ADD KEY `course_id` (`course_id`),
  ADD KEY `teacher_id` (`teacher_id`);

--
-- Indexes for table `semesters`
--
ALTER TABLE `semesters`
  ADD PRIMARY KEY (`semester_id`);

--
-- Indexes for table `students`
--
ALTER TABLE `students`
  ADD PRIMARY KEY (`student_id`),
  ADD KEY `program_id` (`program_id`);

--
-- Indexes for table `teachers`
--
ALTER TABLE `teachers`
  ADD PRIMARY KEY (`teacher_id`);

--
-- Indexes for table `year_levels`
--
ALTER TABLE `year_levels`
  ADD PRIMARY KEY (`year_level_id`);

--
-- AUTO_INCREMENT for dumped tables
--

--
-- AUTO_INCREMENT for table `courses`
--
ALTER TABLE `courses`
  MODIFY `course_id` int(11) NOT NULL AUTO_INCREMENT, AUTO_INCREMENT=72;

--
-- AUTO_INCREMENT for table `curriculum`
--
ALTER TABLE `curriculum`
  MODIFY `curriculum_id` int(11) NOT NULL AUTO_INCREMENT, AUTO_INCREMENT=129;

--
-- AUTO_INCREMENT for table `enrollments`
--
ALTER TABLE `enrollments`
  MODIFY `enrollment_id` int(11) NOT NULL AUTO_INCREMENT, AUTO_INCREMENT=176;

--
-- AUTO_INCREMENT for table `enrollment_schedules`
--
ALTER TABLE `enrollment_schedules`
  MODIFY `id` int(11) NOT NULL AUTO_INCREMENT, AUTO_INCREMENT=431;

--
-- AUTO_INCREMENT for table `payments`
--
ALTER TABLE `payments`
  MODIFY `payment_id` int(11) NOT NULL AUTO_INCREMENT, AUTO_INCREMENT=114;

--
-- AUTO_INCREMENT for table `programs`
--
ALTER TABLE `programs`
  MODIFY `program_id` int(11) NOT NULL AUTO_INCREMENT, AUTO_INCREMENT=6;

--
-- AUTO_INCREMENT for table `schedules`
--
ALTER TABLE `schedules`
  MODIFY `schedule_id` int(11) NOT NULL AUTO_INCREMENT, AUTO_INCREMENT=975;

--
-- AUTO_INCREMENT for table `semesters`
--
ALTER TABLE `semesters`
  MODIFY `semester_id` int(11) NOT NULL AUTO_INCREMENT, AUTO_INCREMENT=4;

--
-- AUTO_INCREMENT for table `teachers`
--
ALTER TABLE `teachers`
  MODIFY `teacher_id` int(11) NOT NULL AUTO_INCREMENT, AUTO_INCREMENT=8;

--
-- AUTO_INCREMENT for table `year_levels`
--
ALTER TABLE `year_levels`
  MODIFY `year_level_id` int(11) NOT NULL AUTO_INCREMENT, AUTO_INCREMENT=5;

--
-- Constraints for dumped tables
--

--
-- Constraints for table `courses`
--
ALTER TABLE `courses`
  ADD CONSTRAINT `courses_ibfk_1` FOREIGN KEY (`prerequisite_course_id`) REFERENCES `courses` (`course_id`);

--
-- Constraints for table `curriculum`
--
ALTER TABLE `curriculum`
  ADD CONSTRAINT `curriculum_ibfk_1` FOREIGN KEY (`program_id`) REFERENCES `programs` (`program_id`),
  ADD CONSTRAINT `curriculum_ibfk_2` FOREIGN KEY (`course_id`) REFERENCES `courses` (`course_id`);

--
-- Constraints for table `enrollments`
--
ALTER TABLE `enrollments`
  ADD CONSTRAINT `enrollments_ibfk_1` FOREIGN KEY (`student_id`) REFERENCES `students` (`student_id`);

--
-- Constraints for table `enrollment_schedules`
--
ALTER TABLE `enrollment_schedules`
  ADD CONSTRAINT `enrollment_schedules_ibfk_1` FOREIGN KEY (`enrollment_id`) REFERENCES `enrollments` (`enrollment_id`),
  ADD CONSTRAINT `enrollment_schedules_ibfk_2` FOREIGN KEY (`schedule_id`) REFERENCES `schedules` (`schedule_id`);

--
-- Constraints for table `payments`
--
ALTER TABLE `payments`
  ADD CONSTRAINT `payments_ibfk_1` FOREIGN KEY (`student_id`) REFERENCES `students` (`student_id`),
  ADD CONSTRAINT `payments_ibfk_2` FOREIGN KEY (`enrollment_id`) REFERENCES `enrollments` (`enrollment_id`);

--
-- Constraints for table `schedules`
--
ALTER TABLE `schedules`
  ADD CONSTRAINT `schedules_ibfk_1` FOREIGN KEY (`course_id`) REFERENCES `courses` (`course_id`),
  ADD CONSTRAINT `schedules_ibfk_2` FOREIGN KEY (`teacher_id`) REFERENCES `teachers` (`teacher_id`);

--
-- Constraints for table `students`
--
ALTER TABLE `students`
  ADD CONSTRAINT `students_ibfk_1` FOREIGN KEY (`program_id`) REFERENCES `programs` (`program_id`);
COMMIT;

/*!40101 SET CHARACTER_SET_CLIENT=@OLD_CHARACTER_SET_CLIENT */;
/*!40101 SET CHARACTER_SET_RESULTS=@OLD_CHARACTER_SET_RESULTS */;
/*!40101 SET COLLATION_CONNECTION=@OLD_COLLATION_CONNECTION */;
